{
  "cache_size": 183153696178176,
  "results": [
    {
      "hit": 54797851,
      "iteration": 0,
      "metrics": [
        {
          "admission_treshold": 8,
          "algorithm": "lru",
          "hit": 54797851,
          "inserted": 33672881,
          "layer": 0,
          "miss_ratio": 0.38061040344958375,
          "reinserted": 54797851,
          "req": 88470732
        }
      ],
      "miss_ratio": 0.38061040344958375,
      "req": 88470732
    }
  ],
  "trace": "meta_rprn.oracleGeneral.zst"
}