{
  "cache_size": 7646900387840,
  "results": [
    {
      "hit": 32805135,
      "iteration": 0,
      "metrics": [
        {
          "admission_treshold": 32,
          "algorithm": "lru",
          "hit": 28302240,
          "inserted": 68378428,
          "layer": 0,
          "miss_ratio": 0.7072606076739147,
          "reinserted": 28302240,
          "req": 96680668
        },
        {
          "admission_treshold": 32,
          "algorithm": "offline-clock",
          "hit": 4502895,
          "inserted": 188537,
          "layer": 1,
          "miss_ratio": 0.9341474331641553,
          "reinserted": 124877,
          "req": 68378428
        }
      ],
      "miss_ratio": 0.6606856812367081,
      "req": 96680668
    },
    {
      "hit": 32805835,
      "iteration": 1,
      "metrics": [
        {
          "admission_treshold": 32,
          "algorithm": "lru",
          "hit": 28302240,
          "inserted": 68378428,
          "layer": 0,
          "miss_ratio": 0.7072606076739147,
          "reinserted": 28302240,
          "req": 96680668
        },
        {
          "admission_treshold": 32,
          "algorithm": "offline-clock",
          "hit": 4503595,
          "inserted": 187835,
          "layer": 1,
          "miss_ratio": 0.9341371960174341,
          "reinserted": 89295,
          "req": 68378428
        }
      ],
      "miss_ratio": 0.6606784409060972,
      "req": 96680668
    }
  ],
  "trace": "meta_rnha.oracleGeneral.zst"
}