{
  "cache_size": 7326147805184,
  "results": [
    {
      "hit": 41313616,
      "iteration": 0,
      "metrics": [
        {
          "admission_treshold": 8,
          "algorithm": "lru",
          "hit": 32043969,
          "inserted": 56426763,
          "layer": 0,
          "miss_ratio": 0.6378014708864396,
          "reinserted": 32043969,
          "req": 88470732
        },
        {
          "admission_treshold": 8,
          "algorithm": "offline-clock",
          "hit": 9269647,
          "inserted": 1763982,
          "layer": 1,
          "miss_ratio": 0.8357225099019059,
          "reinserted": 1670910,
          "req": 56426763
        }
      ],
      "miss_ratio": 0.5330250460683427,
      "req": 88470732
    },
    {
      "hit": 41392736,
      "iteration": 1,
      "metrics": [
        {
          "admission_treshold": 8,
          "algorithm": "lru",
          "hit": 32043969,
          "inserted": 56426763,
          "layer": 0,
          "miss_ratio": 0.6378014708864396,
          "reinserted": 32043969,
          "req": 88470732
        },
        {
          "admission_treshold": 8,
          "algorithm": "offline-clock",
          "hit": 9348767,
          "inserted": 1684725,
          "layer": 1,
          "miss_ratio": 0.8343203383826926,
          "reinserted": 824805,
          "req": 56426763
        }
      ],
      "miss_ratio": 0.5321307390109533,
      "req": 88470732
    }
  ],
  "trace": "meta_rprn.oracleGeneral.zst"
}