{
  "cache_size": 90587604713472,
  "results": [
    {
      "hit": 32631893,
      "iteration": 0,
      "metrics": [
        {
          "admission_treshold": 2,
          "algorithm": "fifo",
          "hit": 32631893,
          "inserted": 12991413,
          "layer": 0,
          "miss_ratio": 0.2847538711903078,
          "reinserted": 0,
          "req": 45623306
        }
      ],
      "miss_ratio": 0.2847538711903078,
      "req": 45623306
    }
  ],
  "trace": "meta_reag.oracleGeneral.zst"
}