{
  "cache_size": 1811752026112,
  "results": [
    {
      "hit": 27937608,
      "iteration": 0,
      "metrics": [
        {
          "admission_treshold": 2,
          "algorithm": "offline-clock",
          "hit": 27937608,
          "inserted": 17685698,
          "layer": 0,
          "miss_ratio": 0.38764612980918134,
          "reinserted": 4453001,
          "req": 45623306
        }
      ],
      "miss_ratio": 0.38764612980918134,
      "req": 45623306
    },
    {
      "hit": 28171872,
      "iteration": 1,
      "metrics": [
        {
          "admission_treshold": 2,
          "algorithm": "offline-clock",
          "hit": 28171872,
          "inserted": 17451434,
          "layer": 0,
          "miss_ratio": 0.38251138573780685,
          "reinserted": 622285,
          "req": 45623306
        }
      ],
      "miss_ratio": 0.38251138573780685,
      "req": 45623306
    }
  ],
  "trace": "meta_reag.oracleGeneral.zst"
}