{
  "cache_size": 7646900387840,
  "results": [
    {
      "hit": 38471776,
      "iteration": 0,
      "metrics": [
        {
          "admission_treshold": 2,
          "algorithm": "fifo",
          "hit": 38471776,
          "inserted": 58208892,
          "layer": 0,
          "miss_ratio": 0.6020737465322437,
          "reinserted": 0,
          "req": 96680668
        }
      ],
      "miss_ratio": 0.6020737465322437,
      "req": 96680668
    }
  ],
  "trace": "meta_rnha.oracleGeneral.zst"
}