{
  "cache_size": 183153696178176,
  "results": [
    {
      "hit": 53759814,
      "iteration": 0,
      "metrics": [
        {
          "admission_treshold": 1,
          "algorithm": "offline-clock",
          "hit": 53759814,
          "inserted": 34710918,
          "layer": 0,
          "miss_ratio": 0.3923435153673195,
          "reinserted": 11079054,
          "req": 88470732
        }
      ],
      "miss_ratio": 0.3923435153673195,
      "req": 88470732
    },
    {
      "hit": 54813588,
      "iteration": 1,
      "metrics": [
        {
          "admission_treshold": 1,
          "algorithm": "offline-clock",
          "hit": 54813588,
          "inserted": 33657144,
          "layer": 0,
          "miss_ratio": 0.3804325254141675,
          "reinserted": 3970812,
          "req": 88470732
        }
      ],
      "miss_ratio": 0.3804325254141675,
      "req": 88470732
    }
  ],
  "trace": "meta_rprn.oracleGeneral.zst"
}