{
  "cache_size": 1811752026112,
  "results": [
    {
      "hit": 26045093,
      "iteration": 0,
      "metrics": [
        {
          "admission_treshold": 32,
          "algorithm": "lru",
          "hit": 23799041,
          "inserted": 21824265,
          "layer": 0,
          "miss_ratio": 0.47835781563045865,
          "reinserted": 23799041,
          "req": 45623306
        },
        {
          "admission_treshold": 32,
          "algorithm": "offline-clock",
          "hit": 2246052,
          "inserted": 63163,
          "layer": 1,
          "miss_ratio": 0.8970846440876703,
          "reinserted": 56737,
          "req": 21824265
        }
      ],
      "miss_ratio": 0.42912745078140546,
      "req": 45623306
    },
    {
      "hit": 26045452,
      "iteration": 1,
      "metrics": [
        {
          "admission_treshold": 32,
          "algorithm": "lru",
          "hit": 23799041,
          "inserted": 21824265,
          "layer": 0,
          "miss_ratio": 0.47835781563045865,
          "reinserted": 23799041,
          "req": 45623306
        },
        {
          "admission_treshold": 32,
          "algorithm": "offline-clock",
          "hit": 2246411,
          "inserted": 62802,
          "layer": 1,
          "miss_ratio": 0.8970681945073522,
          "reinserted": 31142,
          "req": 21824265
        }
      ],
      "miss_ratio": 0.42911958199609646,
      "req": 45623306
    }
  ],
  "trace": "meta_reag.oracleGeneral.zst"
}