{
  "cache_size": 191172517560320,
  "results": [
    {
      "hit": 54303751,
      "iteration": 0,
      "metrics": [
        {
          "admission_treshold": 1,
          "algorithm": "fifo",
          "hit": 54303751,
          "inserted": 42376917,
          "layer": 0,
          "miss_ratio": 0.4383184133564323,
          "reinserted": 0,
          "req": 96680668
        }
      ],
      "miss_ratio": 0.4383184133564323,
      "req": 96680668
    }
  ],
  "trace": "meta_rnha.oracleGeneral.zst"
}