{
  "cache_size": 342976266240,
  "results": [
    {
      "hit": 49502327,
      "iteration": 0,
      "metrics": [
        {
          "admission_treshold": 1,
          "algorithm": "lru",
          "hit": 49502327,
          "inserted": 166293930,
          "layer": 0,
          "miss_ratio": 0.7706061834056742,
          "reinserted": 49502327,
          "req": 215796257
        }
      ],
      "miss_ratio": 0.7706061834056742,
      "req": 215796257
    }
  ],
  "trace": "w01.oracleGeneral.bin.zst"
}