{
  "cache_size": 5246074880,
  "results": [
    {
      "hit": 120519256,
      "iteration": 0,
      "metrics": [
        {
          "admission_treshold": 0,
          "algorithm": "offline-clock",
          "hit": 120519256,
          "inserted": 1661744,
          "layer": 0,
          "miss_ratio": 0.013600674409278035,
          "reinserted": 4296773,
          "req": 122181000
        }
      ],
      "miss_ratio": 0.013600674409278035,
      "req": 122181000
    },
    {
      "hit": 120546437,
      "iteration": 1,
      "metrics": [
        {
          "admission_treshold": 0,
          "algorithm": "offline-clock",
          "hit": 120546437,
          "inserted": 1634563,
          "layer": 0,
          "miss_ratio": 0.013378209377890138,
          "reinserted": 2969779,
          "req": 122181000
        }
      ],
      "miss_ratio": 0.013378209377890138,
      "req": 122181000
    }
  ],
  "trace": "w02.oracleGeneral.bin.zst"
}