{
  "cache_size": 209842992,
  "results": [
    {
      "hit": 1287161,
      "iteration": 0,
      "metrics": [
        {
          "admission_treshold": 0,
          "algorithm": "fifo",
          "hit": 1287161,
          "inserted": 120893839,
          "layer": 0,
          "miss_ratio": 0.9894651296028024,
          "reinserted": 0,
          "req": 122181000
        }
      ],
      "miss_ratio": 0.9894651296028024,
      "req": 122181000
    }
  ],
  "trace": "w02.oracleGeneral.bin.zst"
}