{
  "cache_size": 191903776768,
  "results": [
    {
      "hit": 36362385,
      "iteration": 0,
      "metrics": [
        {
          "admission_treshold": 1,
          "algorithm": "offline-clock",
          "hit": 36362385,
          "inserted": 48350593,
          "layer": 0,
          "miss_ratio": 0.5707578005344116,
          "reinserted": 13575765,
          "req": 84712978
        }
      ],
      "miss_ratio": 0.5707578005344116,
      "req": 84712978
    },
    {
      "hit": 36453923,
      "iteration": 1,
      "metrics": [
        {
          "admission_treshold": 1,
          "algorithm": "offline-clock",
          "hit": 36453923,
          "inserted": 48259055,
          "layer": 0,
          "miss_ratio": 0.5696772341069157,
          "reinserted": 1738721,
          "req": 84712978
        }
      ],
      "miss_ratio": 0.5696772341069157,
      "req": 84712978
    }
  ],
  "trace": "w03.oracleGeneral.bin.zst"
}