{
  "cache_size": 479759433728,
  "results": [
    {
      "hit": 39974098,
      "iteration": 0,
      "metrics": [
        {
          "admission_treshold": 2,
          "algorithm": "offline-clock",
          "hit": 39974098,
          "inserted": 44738880,
          "layer": 0,
          "miss_ratio": 0.5281230934886978,
          "reinserted": 14627268,
          "req": 84712978
        }
      ],
      "miss_ratio": 0.5281230934886978,
      "req": 84712978
    },
    {
      "hit": 40218335,
      "iteration": 1,
      "metrics": [
        {
          "admission_treshold": 2,
          "algorithm": "offline-clock",
          "hit": 40218335,
          "inserted": 44494643,
          "layer": 0,
          "miss_ratio": 0.5252399815291584,
          "reinserted": 2770202,
          "req": 84712978
        }
      ],
      "miss_ratio": 0.5252399815291584,
      "req": 84712978
    }
  ],
  "trace": "w03.oracleGeneral.bin.zst"
}