{
  "cache_size": 19190376448,
  "results": [
    {
      "hit": 31134244,
      "iteration": 0,
      "metrics": [
        {
          "admission_treshold": 4,
          "algorithm": "lru",
          "hit": 31134244,
          "inserted": 53578734,
          "layer": 0,
          "miss_ratio": 0.6324737397379656,
          "reinserted": 31134244,
          "req": 84712978
        }
      ],
      "miss_ratio": 0.6324737397379656,
      "req": 84712978
    }
  ],
  "trace": "w03.oracleGeneral.bin.zst"
}