{
  "cache_size": 191903776768,
  "results": [
    {
      "hit": 36099431,
      "iteration": 0,
      "metrics": [
        {
          "admission_treshold": 1,
          "algorithm": "lru",
          "hit": 36099431,
          "inserted": 48613547,
          "layer": 0,
          "miss_ratio": 0.5738618585690614,
          "reinserted": 36099431,
          "req": 84712978
        }
      ],
      "miss_ratio": 0.5738618585690614,
      "req": 84712978
    }
  ],
  "trace": "w03.oracleGeneral.bin.zst"
}