{
  "cache_size": 19190376448,
  "results": [
    {
      "hit": 29872613,
      "iteration": 0,
      "metrics": [
        {
          "admission_treshold": 1,
          "algorithm": "fifo",
          "hit": 29872613,
          "inserted": 54840365,
          "layer": 0,
          "miss_ratio": 0.6473667470408135,
          "reinserted": 0,
          "req": 84712978
        }
      ],
      "miss_ratio": 0.6473667470408135,
      "req": 84712978
    }
  ],
  "trace": "w03.oracleGeneral.bin.zst"
}