{
  "cache_size": 8925706240,
  "results": [
    {
      "hit": 38680645,
      "iteration": 0,
      "metrics": [
        {
          "admission_treshold": 4,
          "algorithm": "lru",
          "hit": 22427992,
          "inserted": 55336590,
          "layer": 0,
          "miss_ratio": 0.7115911714152852,
          "reinserted": 22427992,
          "req": 77764582
        },
        {
          "admission_treshold": 4,
          "algorithm": "offline-clock",
          "hit": 16252653,
          "inserted": 11532342,
          "layer": 1,
          "miss_ratio": 0.7062946415744085,
          "reinserted": 4927208,
          "req": 55336590
        }
      ],
      "miss_ratio": 0.5025930313622724,
      "req": 77764582
    },
    {
      "hit": 38868640,
      "iteration": 1,
      "metrics": [
        {
          "admission_treshold": 4,
          "algorithm": "lru",
          "hit": 22427992,
          "inserted": 55336590,
          "layer": 0,
          "miss_ratio": 0.7115911714152852,
          "reinserted": 22427992,
          "req": 77764582
        },
        {
          "admission_treshold": 4,
          "algorithm": "offline-clock",
          "hit": 16440648,
          "inserted": 11342613,
          "layer": 1,
          "miss_ratio": 0.7028973415239357,
          "reinserted": 1921490,
          "req": 55336590
        }
      ],
      "miss_ratio": 0.5001755426397071,
      "req": 77764582
    }
  ],
  "trace": "w04.oracleGeneral.bin.zst"
}