{
  "cache_size": 178514132992,
  "results": [
    {
      "hit": 44667321,
      "iteration": 0,
      "metrics": [
        {
          "admission_treshold": 1,
          "algorithm": "offline-clock",
          "hit": 44667321,
          "inserted": 33097261,
          "layer": 0,
          "miss_ratio": 0.42560842158194845,
          "reinserted": 14867963,
          "req": 77764582
        }
      ],
      "miss_ratio": 0.42560842158194845,
      "req": 77764582
    },
    {
      "hit": 44696032,
      "iteration": 1,
      "metrics": [
        {
          "admission_treshold": 1,
          "algorithm": "offline-clock",
          "hit": 44696032,
          "inserted": 33068550,
          "layer": 0,
          "miss_ratio": 0.4252392175142149,
          "reinserted": 1623615,
          "req": 77764582
        }
      ],
      "miss_ratio": 0.4252392175142149,
      "req": 77764582
    }
  ],
  "trace": "w04.oracleGeneral.bin.zst"
}