{
  "cache_size": 178514132992,
  "results": [
    {
      "hit": 44729523,
      "iteration": 0,
      "metrics": [
        {
          "admission_treshold": 2,
          "algorithm": "lru",
          "hit": 33437431,
          "inserted": 44327151,
          "layer": 0,
          "miss_ratio": 0.5700172219790238,
          "reinserted": 33437431,
          "req": 77764582
        },
        {
          "admission_treshold": 2,
          "algorithm": "offline-clock",
          "hit": 11292092,
          "inserted": 24810029,
          "layer": 1,
          "miss_ratio": 0.7452556335055235,
          "reinserted": 2644400,
          "req": 44327151
        }
      ],
      "miss_ratio": 0.424808545875036,
      "req": 77764582
    },
    {
      "hit": 44750646,
      "iteration": 1,
      "metrics": [
        {
          "admission_treshold": 2,
          "algorithm": "lru",
          "hit": 33437431,
          "inserted": 44327151,
          "layer": 0,
          "miss_ratio": 0.5700172219790238,
          "reinserted": 33437431,
          "req": 77764582
        },
        {
          "admission_treshold": 2,
          "algorithm": "offline-clock",
          "hit": 11313215,
          "inserted": 24789412,
          "layer": 1,
          "miss_ratio": 0.7447791084069446,
          "reinserted": 979571,
          "req": 44327151
        }
      ],
      "miss_ratio": 0.4245369183621408,
      "req": 77764582
    }
  ],
  "trace": "w04.oracleGeneral.bin.zst"
}