{
  "cache_size": 8925706240,
  "results": [
    {
      "hit": 37034765,
      "iteration": 0,
      "metrics": [
        {
          "admission_treshold": 16,
          "algorithm": "lru",
          "hit": 22427992,
          "inserted": 55336590,
          "layer": 0,
          "miss_ratio": 0.7115911714152852,
          "reinserted": 22427992,
          "req": 77764582
        },
        {
          "admission_treshold": 16,
          "algorithm": "offline-clock",
          "hit": 14606773,
          "inserted": 456409,
          "layer": 1,
          "miss_ratio": 0.7360377103106642,
          "reinserted": 844824,
          "req": 55336590
        }
      ],
      "miss_ratio": 0.5237579364857898,
      "req": 77764582
    },
    {
      "hit": 37044983,
      "iteration": 1,
      "metrics": [
        {
          "admission_treshold": 16,
          "algorithm": "lru",
          "hit": 22427992,
          "inserted": 55336590,
          "layer": 0,
          "miss_ratio": 0.7115911714152852,
          "reinserted": 22427992,
          "req": 77764582
        },
        {
          "admission_treshold": 16,
          "algorithm": "offline-clock",
          "hit": 14616991,
          "inserted": 446171,
          "layer": 1,
          "miss_ratio": 0.7358530585278205,
          "reinserted": 420570,
          "req": 55336590
        }
      ],
      "miss_ratio": 0.5236265399073321,
      "req": 77764582
    }
  ],
  "trace": "w04.oracleGeneral.bin.zst"
}