{
  "cache_size": 15429058560,
  "results": [
    {
      "hit": 12986321,
      "iteration": 0,
      "metrics": [
        {
          "admission_treshold": 32,
          "algorithm": "lru",
          "hit": 12986321,
          "inserted": 60048225,
          "layer": 0,
          "miss_ratio": 0.8221893376320843,
          "reinserted": 12986321,
          "req": 73034546
        }
      ],
      "miss_ratio": 0.8221893376320843,
      "req": 73034546
    }
  ],
  "trace": "w05.oracleGeneral.bin.zst"
}