{
  "cache_size": 7714529280,
  "results": [
    {
      "hit": 11535737,
      "iteration": 0,
      "metrics": [
        {
          "admission_treshold": 0,
          "algorithm": "fifo",
          "hit": 11535737,
          "inserted": 61498809,
          "layer": 0,
          "miss_ratio": 0.8420509521617345,
          "reinserted": 0,
          "req": 73034546
        }
      ],
      "miss_ratio": 0.8420509521617345,
      "req": 73034546
    }
  ],
  "trace": "w05.oracleGeneral.bin.zst"
}