{
  "cache_size": 154290601984,
  "results": [
    {
      "hit": 16647279,
      "iteration": 0,
      "metrics": [
        {
          "admission_treshold": 4,
          "algorithm": "fifo",
          "hit": 16647279,
          "inserted": 56387267,
          "layer": 0,
          "miss_ratio": 0.7720629494978992,
          "reinserted": 0,
          "req": 73034546
        }
      ],
      "miss_ratio": 0.7720629494978992,
      "req": 73034546
    }
  ],
  "trace": "w05.oracleGeneral.bin.zst"
}