{
  "cache_size": 385726480384,
  "results": [
    {
      "hit": 18528547,
      "iteration": 0,
      "metrics": [
        {
          "admission_treshold": 2,
          "algorithm": "lru",
          "hit": 18528547,
          "inserted": 54505999,
          "layer": 0,
          "miss_ratio": 0.7463043447959545,
          "reinserted": 18528547,
          "req": 73034546
        }
      ],
      "miss_ratio": 0.7463043447959545,
      "req": 73034546
    }
  ],
  "trace": "w05.oracleGeneral.bin.zst"
}