{
  "cache_size": 5867064320,
  "results": [
    {
      "hit": 67509179,
      "iteration": 0,
      "metrics": [
        {
          "admission_treshold": 32,
          "algorithm": "offline-clock",
          "hit": 67509179,
          "inserted": 1882971,
          "layer": 0,
          "miss_ratio": 0.02713521630328497,
          "reinserted": 617039,
          "req": 69392150
        }
      ],
      "miss_ratio": 0.02713521630328497,
      "req": 69392150
    },
    {
      "hit": 67512588,
      "iteration": 1,
      "metrics": [
        {
          "admission_treshold": 32,
          "algorithm": "offline-clock",
          "hit": 67512588,
          "inserted": 1879562,
          "layer": 0,
          "miss_ratio": 0.02708608970899451,
          "reinserted": 473564,
          "req": 69392150
        }
      ],
      "miss_ratio": 0.02708608970899451,
      "req": 69392150
    }
  ],
  "trace": "w06.oracleGeneral.bin.zst"
}