{
  "cache_size": 234682560,
  "results": [
    {
      "hit": 47471060,
      "iteration": 0,
      "metrics": [
        {
          "admission_treshold": 4,
          "algorithm": "lru",
          "hit": 25616981,
          "inserted": 43775169,
          "layer": 0,
          "miss_ratio": 0.6308374794555291,
          "reinserted": 25616981,
          "req": 69392150
        },
        {
          "admission_treshold": 4,
          "algorithm": "offline-clock",
          "hit": 21854079,
          "inserted": 19730608,
          "layer": 1,
          "miss_ratio": 0.5007653996721292,
          "reinserted": 7265407,
          "req": 43775169
        }
      ],
      "miss_ratio": 0.3159015825277066,
      "req": 69392150
    },
    {
      "hit": 48494184,
      "iteration": 1,
      "metrics": [
        {
          "admission_treshold": 4,
          "algorithm": "lru",
          "hit": 25616981,
          "inserted": 43775169,
          "layer": 0,
          "miss_ratio": 0.6308374794555291,
          "reinserted": 25616981,
          "req": 69392150
        },
        {
          "admission_treshold": 4,
          "algorithm": "offline-clock",
          "hit": 22877203,
          "inserted": 18694452,
          "layer": 1,
          "miss_ratio": 0.47739315409610417,
          "reinserted": 4268231,
          "req": 43775169
        }
      ],
      "miss_ratio": 0.30115749403931136,
      "req": 69392150
    }
  ],
  "trace": "w06.oracleGeneral.bin.zst"
}