{
  "cache_size": 11734128640,
  "results": [
    {
      "hit": 67640256,
      "iteration": 0,
      "metrics": [
        {
          "admission_treshold": 4,
          "algorithm": "offline-clock",
          "hit": 67640256,
          "inserted": 1751894,
          "layer": 0,
          "miss_ratio": 0.025246285062503482,
          "reinserted": 267885,
          "req": 69392150
        }
      ],
      "miss_ratio": 0.025246285062503482,
      "req": 69392150
    },
    {
      "hit": 67640466,
      "iteration": 1,
      "metrics": [
        {
          "admission_treshold": 4,
          "algorithm": "offline-clock",
          "hit": 67640466,
          "inserted": 1751684,
          "layer": 0,
          "miss_ratio": 0.025243258783594347,
          "reinserted": 253265,
          "req": 69392150
        }
      ],
      "miss_ratio": 0.025243258783594347,
      "req": 69392150
    }
  ],
  "trace": "w06.oracleGeneral.bin.zst"
}