{
  "cache_size": 234682560,
  "results": [
    {
      "hit": 48057402,
      "iteration": 0,
      "metrics": [
        {
          "admission_treshold": 4,
          "algorithm": "offline-clock",
          "hit": 48057402,
          "inserted": 21334748,
          "layer": 0,
          "miss_ratio": 0.30745189477484125,
          "reinserted": 17205018,
          "req": 69392150
        }
      ],
      "miss_ratio": 0.30745189477484125,
      "req": 69392150
    },
    {
      "hit": 48812336,
      "iteration": 1,
      "metrics": [
        {
          "admission_treshold": 4,
          "algorithm": "offline-clock",
          "hit": 48812336,
          "inserted": 20579814,
          "layer": 0,
          "miss_ratio": 0.2965726526703669,
          "reinserted": 4211986,
          "req": 69392150
        }
      ],
      "miss_ratio": 0.2965726526703669,
      "req": 69392150
    }
  ],
  "trace": "w06.oracleGeneral.bin.zst"
}