{
  "cache_size": 733651648,
  "results": [
    {
      "hit": 15545550,
      "iteration": 0,
      "metrics": [
        {
          "admission_treshold": 0,
          "algorithm": "lru",
          "hit": 15545550,
          "inserted": 51881855,
          "layer": 0,
          "miss_ratio": 0.7694476007196184,
          "reinserted": 15545550,
          "req": 67427405
        }
      ],
      "miss_ratio": 0.7694476007196184,
      "req": 67427405
    }
  ],
  "trace": "w07.oracleGeneral.bin.zst"
}