{
  "cache_size": 5441160192,
  "results": [
    {
      "hit": 3010723,
      "iteration": 0,
      "metrics": [
        {
          "admission_treshold": 16,
          "algorithm": "lru",
          "hit": 3010723,
          "inserted": 41454214,
          "layer": 0,
          "miss_ratio": 0.9322899524180143,
          "reinserted": 3010723,
          "req": 44464937
        }
      ],
      "miss_ratio": 0.9322899524180143,
      "req": 44464937
    }
  ],
  "trace": "w08.oracleGeneral.bin.zst"
}