{
  "cache_size": 544116015104,
  "results": [
    {
      "hit": 23887541,
      "iteration": 0,
      "metrics": [
        {
          "admission_treshold": 2,
          "algorithm": "lru",
          "hit": 3010723,
          "inserted": 41454214,
          "layer": 0,
          "miss_ratio": 0.9322899524180143,
          "reinserted": 3010723,
          "req": 44464937
        },
        {
          "admission_treshold": 2,
          "algorithm": "offline-clock",
          "hit": 20876818,
          "inserted": 12075990,
          "layer": 1,
          "miss_ratio": 0.4963885215626088,
          "reinserted": 10562850,
          "req": 41454214
        }
      ],
      "miss_ratio": 0.46277803114845295,
      "req": 44464937
    },
    {
      "hit": 24176533,
      "iteration": 1,
      "metrics": [
        {
          "admission_treshold": 2,
          "algorithm": "lru",
          "hit": 3010723,
          "inserted": 41454214,
          "layer": 0,
          "miss_ratio": 0.9322899524180143,
          "reinserted": 3010723,
          "req": 44464937
        },
        {
          "admission_treshold": 2,
          "algorithm": "offline-clock",
          "hit": 21165810,
          "inserted": 11745225,
          "layer": 1,
          "miss_ratio": 0.48941716757673903,
          "reinserted": 6856364,
          "req": 41454214
        }
      ],
      "miss_ratio": 0.4562787078726773,
      "req": 44464937
    }
  ],
  "trace": "w08.oracleGeneral.bin.zst"
}