{
  "cache_size": 10882320384,
  "results": [
    {
      "hit": 3466684,
      "iteration": 0,
      "metrics": [
        {
          "admission_treshold": 0,
          "algorithm": "fifo",
          "hit": 3466684,
          "inserted": 40998253,
          "layer": 0,
          "miss_ratio": 0.9220355580398101,
          "reinserted": 0,
          "req": 44464937
        }
      ],
      "miss_ratio": 0.9220355580398101,
      "req": 44464937
    }
  ],
  "trace": "w08.oracleGeneral.bin.zst"
}