{
  "cache_size": 283467481088,
  "results": [
    {
      "hit": 24999762,
      "iteration": 0,
      "metrics": [
        {
          "admission_treshold": 32,
          "algorithm": "lru",
          "hit": 24999762,
          "inserted": 24623167,
          "layer": 0,
          "miss_ratio": 0.49620543358091584,
          "reinserted": 24999762,
          "req": 49622929
        }
      ],
      "miss_ratio": 0.49620543358091584,
      "req": 49622929
    }
  ],
  "trace": "w09.oracleGeneral.bin.zst"
}