{
  "cache_size": 391850033152,
  "results": [
    {
      "hit": 23362500,
      "iteration": 0,
      "metrics": [
        {
          "admission_treshold": 2,
          "algorithm": "lru",
          "hit": 23362500,
          "inserted": 24979850,
          "layer": 0,
          "miss_ratio": 0.5167280862432215,
          "reinserted": 23362500,
          "req": 48342350
        }
      ],
      "miss_ratio": 0.5167280862432215,
      "req": 48342350
    }
  ],
  "trace": "w10.oracleGeneral.bin.zst"
}