{
  "cache_size": 1322240,
  "results": [
    {
      "hit": 39354364,
      "iteration": 0,
      "metrics": [
        {
          "admission_treshold": 8,
          "algorithm": "lru",
          "hit": 39354364,
          "inserted": 6819005,
          "layer": 0,
          "miss_ratio": 0.1476826393153161,
          "reinserted": 39354364,
          "req": 46173369
        }
      ],
      "miss_ratio": 0.1476826393153161,
      "req": 46173369
    }
  ],
  "trace": "w11.oracleGeneral.bin.zst"
}