{
  "cache_size": 264448,
  "results": [
    {
      "hit": 15784469,
      "iteration": 0,
      "metrics": [
        {
          "admission_treshold": 4,
          "algorithm": "offline-clock",
          "hit": 15784469,
          "inserted": 30388900,
          "layer": 0,
          "miss_ratio": 0.6581477734492365,
          "reinserted": 9705730,
          "req": 46173369
        }
      ],
      "miss_ratio": 0.6581477734492365,
      "req": 46173369
    },
    {
      "hit": 16806288,
      "iteration": 1,
      "metrics": [
        {
          "admission_treshold": 4,
          "algorithm": "offline-clock",
          "hit": 16806288,
          "inserted": 29367081,
          "layer": 0,
          "miss_ratio": 0.6360177226833935,
          "reinserted": 4033768,
          "req": 46173369
        }
      ],
      "miss_ratio": 0.6360177226833935,
      "req": 46173369
    }
  ],
  "trace": "w11.oracleGeneral.bin.zst"
}