{
  "cache_size": 2044709504,
  "results": [
    {
      "hit": 44628704,
      "iteration": 0,
      "metrics": [
        {
          "admission_treshold": 16,
          "algorithm": "fifo",
          "hit": 44628704,
          "inserted": 726825,
          "layer": 0,
          "miss_ratio": 0.01602505837821888,
          "reinserted": 0,
          "req": 45355529
        }
      ],
      "miss_ratio": 0.01602505837821888,
      "req": 45355529
    }
  ],
  "trace": "w12.oracleGeneral.bin.zst"
}