{
  "cache_size": 817883840,
  "results": [
    {
      "hit": 44393128,
      "iteration": 0,
      "metrics": [
        {
          "admission_treshold": 8,
          "algorithm": "lru",
          "hit": 41039768,
          "inserted": 4315761,
          "layer": 0,
          "miss_ratio": 0.09515402190546607,
          "reinserted": 41039768,
          "req": 45355529
        },
        {
          "admission_treshold": 8,
          "algorithm": "offline-clock",
          "hit": 3353360,
          "inserted": 186001,
          "layer": 1,
          "miss_ratio": 0.22299682489368622,
          "reinserted": 192046,
          "req": 4315761
        }
      ],
      "miss_ratio": 0.02121904476078318,
      "req": 45355529
    },
    {
      "hit": 44398380,
      "iteration": 1,
      "metrics": [
        {
          "admission_treshold": 8,
          "algorithm": "lru",
          "hit": 41039768,
          "inserted": 4315761,
          "layer": 0,
          "miss_ratio": 0.09515402190546607,
          "reinserted": 41039768,
          "req": 45355529
        },
        {
          "admission_treshold": 8,
          "algorithm": "offline-clock",
          "hit": 3358612,
          "inserted": 180722,
          "layer": 1,
          "miss_ratio": 0.22177989003561593,
          "reinserted": 95788,
          "req": 4315761
        }
      ],
      "miss_ratio": 0.02110324851464085,
      "req": 45355529
    }
  ],
  "trace": "w12.oracleGeneral.bin.zst"
}