{
  "cache_size": 41799,
  "results": [
    {
      "hit": 44184872,
      "iteration": 0,
      "metrics": [
        {
          "admission_treshold": 8,
          "algorithm": "offline-clock",
          "hit": 44184872,
          "inserted": 1170657,
          "layer": 0,
          "miss_ratio": 0.025810679002332915,
          "reinserted": 1657734,
          "req": 45355529
        }
      ],
      "miss_ratio": 0.025810679002332915,
      "req": 45355529
    },
    {
      "hit": 44255651,
      "iteration": 1,
      "metrics": [
        {
          "admission_treshold": 8,
          "algorithm": "offline-clock",
          "hit": 44255651,
          "inserted": 1099878,
          "layer": 0,
          "miss_ratio": 0.02425014158692762,
          "reinserted": 535445,
          "req": 45355529
        }
      ],
      "miss_ratio": 0.02425014158692762,
      "req": 45355529
    }
  ],
  "trace": "w12.oracleGeneral.bin.zst"
}