{
  "cache_size": 4089419008,
  "results": [
    {
      "hit": 44922769,
      "iteration": 0,
      "metrics": [
        {
          "admission_treshold": 8,
          "algorithm": "offline-clock",
          "hit": 44922769,
          "inserted": 432760,
          "layer": 0,
          "miss_ratio": 0.009541504851591553,
          "reinserted": 352030,
          "req": 45355529
        }
      ],
      "miss_ratio": 0.009541504851591553,
      "req": 45355529
    },
    {
      "hit": 44923454,
      "iteration": 1,
      "metrics": [
        {
          "admission_treshold": 8,
          "algorithm": "offline-clock",
          "hit": 44923454,
          "inserted": 432075,
          "layer": 0,
          "miss_ratio": 0.009526401952008934,
          "reinserted": 222486,
          "req": 45355529
        }
      ],
      "miss_ratio": 0.009526401952008934,
      "req": 45355529
    }
  ],
  "trace": "w12.oracleGeneral.bin.zst"
}