{
  "cache_size": 4179,
  "results": [
    {
      "hit": 41542028,
      "iteration": 0,
      "metrics": [
        {
          "admission_treshold": 16,
          "algorithm": "fifo",
          "hit": 41542028,
          "inserted": 3813501,
          "layer": 0,
          "miss_ratio": 0.0840801790670328,
          "reinserted": 0,
          "req": 45355529
        }
      ],
      "miss_ratio": 0.0840801790670328,
      "req": 45355529
    }
  ],
  "trace": "w12.oracleGeneral.bin.zst"
}