{
  "cache_size": 81788376,
  "results": [
    {
      "hit": 42078939,
      "iteration": 0,
      "metrics": [
        {
          "admission_treshold": 2,
          "algorithm": "lru",
          "hit": 42078939,
          "inserted": 3276590,
          "layer": 0,
          "miss_ratio": 0.07224234999000889,
          "reinserted": 42078939,
          "req": 45355529
        }
      ],
      "miss_ratio": 0.07224234999000889,
      "req": 45355529
    }
  ],
  "trace": "w12.oracleGeneral.bin.zst"
}