{
  "cache_size": 104498,
  "results": [
    {
      "hit": 44745404,
      "iteration": 0,
      "metrics": [
        {
          "admission_treshold": 0,
          "algorithm": "offline-clock",
          "hit": 44745404,
          "inserted": 610125,
          "layer": 0,
          "miss_ratio": 0.013452053442040146,
          "reinserted": 764027,
          "req": 45355529
        }
      ],
      "miss_ratio": 0.013452053442040146,
      "req": 45355529
    },
    {
      "hit": 44772424,
      "iteration": 1,
      "metrics": [
        {
          "admission_treshold": 0,
          "algorithm": "offline-clock",
          "hit": 44772424,
          "inserted": 583105,
          "layer": 0,
          "miss_ratio": 0.012856315709601773,
          "reinserted": 249492,
          "req": 45355529
        }
      ],
      "miss_ratio": 0.012856315709601773,
      "req": 45355529
    }
  ],
  "trace": "w12.oracleGeneral.bin.zst"
}