{
  "cache_size": 2089,
  "results": [
    {
      "hit": 41517207,
      "iteration": 0,
      "metrics": [
        {
          "admission_treshold": 2,
          "algorithm": "lru",
          "hit": 35937345,
          "inserted": 9418184,
          "layer": 0,
          "miss_ratio": 0.2076523900757502,
          "reinserted": 35937345,
          "req": 45355529
        },
        {
          "admission_treshold": 2,
          "algorithm": "offline-clock",
          "hit": 5579862,
          "inserted": 3577583,
          "layer": 1,
          "miss_ratio": 0.4075437472871628,
          "reinserted": 1275742,
          "req": 9418184
        }
      ],
      "miss_ratio": 0.08462743318460686,
      "req": 45355529
    },
    {
      "hit": 41539879,
      "iteration": 1,
      "metrics": [
        {
          "admission_treshold": 2,
          "algorithm": "lru",
          "hit": 35937345,
          "inserted": 9418184,
          "layer": 0,
          "miss_ratio": 0.2076523900757502,
          "reinserted": 35937345,
          "req": 45355529
        },
        {
          "admission_treshold": 2,
          "algorithm": "offline-clock",
          "hit": 5602534,
          "inserted": 3554917,
          "layer": 1,
          "miss_ratio": 0.40513648915757006,
          "reinserted": 472261,
          "req": 9418184
        }
      ],
      "miss_ratio": 0.08412756028046764,
      "req": 45355529
    }
  ],
  "trace": "w12.oracleGeneral.bin.zst"
}