{
  "cache_size": 104498,
  "results": [
    {
      "hit": 44748152,
      "iteration": 0,
      "metrics": [
        {
          "admission_treshold": 0,
          "algorithm": "lru",
          "hit": 44748152,
          "inserted": 607377,
          "layer": 0,
          "miss_ratio": 0.013391465459481222,
          "reinserted": 44748152,
          "req": 45355529
        }
      ],
      "miss_ratio": 0.013391465459481222,
      "req": 45355529
    }
  ],
  "trace": "w12.oracleGeneral.bin.zst"
}