{
  "cache_size": 55617,
  "results": [
    {
      "hit": 22099105,
      "iteration": 0,
      "metrics": [
        {
          "admission_treshold": 16,
          "algorithm": "lru",
          "hit": 22099105,
          "inserted": 17723772,
          "layer": 0,
          "miss_ratio": 0.4450650815610334,
          "reinserted": 22099105,
          "req": 39822877
        }
      ],
      "miss_ratio": 0.4450650815610334,
      "req": 39822877
    }
  ],
  "trace": "w13.oracleGeneral.bin.zst"
}