{
  "cache_size": 55617,
  "results": [
    {
      "hit": 20013368,
      "iteration": 0,
      "metrics": [
        {
          "admission_treshold": 8,
          "algorithm": "lru",
          "hit": 2147661,
          "inserted": 37675216,
          "layer": 0,
          "miss_ratio": 0.9460696674426612,
          "reinserted": 2147661,
          "req": 39822877
        },
        {
          "admission_treshold": 8,
          "algorithm": "offline-clock",
          "hit": 17865707,
          "inserted": 5105317,
          "layer": 1,
          "miss_ratio": 0.5257968262212485,
          "reinserted": 4071351,
          "req": 37675216
        }
      ],
      "miss_ratio": 0.49744042852554327,
      "req": 39822877
    },
    {
      "hit": 20327959,
      "iteration": 1,
      "metrics": [
        {
          "admission_treshold": 8,
          "algorithm": "lru",
          "hit": 2147661,
          "inserted": 37675216,
          "layer": 0,
          "miss_ratio": 0.9460696674426612,
          "reinserted": 2147661,
          "req": 39822877
        },
        {
          "admission_treshold": 8,
          "algorithm": "offline-clock",
          "hit": 18180298,
          "inserted": 4781423,
          "layer": 1,
          "miss_ratio": 0.5174467480159901,
          "reinserted": 1218686,
          "req": 37675216
        }
      ],
      "miss_ratio": 0.4895406728147743,
      "req": 39822877
    }
  ],
  "trace": "w13.oracleGeneral.bin.zst"
}