{
  "cache_size": 556170,
  "results": [
    {
      "hit": 19221873,
      "iteration": 0,
      "metrics": [
        {
          "admission_treshold": 16,
          "algorithm": "lru",
          "hit": 3696938,
          "inserted": 36125939,
          "layer": 0,
          "miss_ratio": 0.907165471746303,
          "reinserted": 3696938,
          "req": 39822877
        },
        {
          "admission_treshold": 16,
          "algorithm": "offline-clock",
          "hit": 15524935,
          "inserted": 558905,
          "layer": 1,
          "miss_ratio": 0.5702551842320278,
          "reinserted": 243709,
          "req": 36125939
        }
      ],
      "miss_ratio": 0.5173158132196225,
      "req": 39822877
    },
    {
      "hit": 19221873,
      "iteration": 1,
      "metrics": [
        {
          "admission_treshold": 16,
          "algorithm": "lru",
          "hit": 3696938,
          "inserted": 36125939,
          "layer": 0,
          "miss_ratio": 0.907165471746303,
          "reinserted": 3696938,
          "req": 39822877
        },
        {
          "admission_treshold": 16,
          "algorithm": "offline-clock",
          "hit": 15524935,
          "inserted": 558905,
          "layer": 1,
          "miss_ratio": 0.5702551842320278,
          "reinserted": 243709,
          "req": 36125939
        }
      ],
      "miss_ratio": 0.5173158132196225,
      "req": 39822877
    }
  ],
  "trace": "w13.oracleGeneral.bin.zst"
}