{
  "cache_size": 1017729344,
  "results": [
    {
      "hit": 18479487,
      "iteration": 0,
      "metrics": [
        {
          "admission_treshold": 8,
          "algorithm": "fifo",
          "hit": 18479487,
          "inserted": 21343390,
          "layer": 0,
          "miss_ratio": 0.5359580122752055,
          "reinserted": 0,
          "req": 39822877
        }
      ],
      "miss_ratio": 0.5359580122752055,
      "req": 39822877
    }
  ],
  "trace": "w13.oracleGeneral.bin.zst"
}