{
  "cache_size": 27808,
  "results": [
    {
      "hit": 16293266,
      "iteration": 0,
      "metrics": [
        {
          "admission_treshold": 4,
          "algorithm": "lru",
          "hit": 1952705,
          "inserted": 37870172,
          "layer": 0,
          "miss_ratio": 0.9509652454291537,
          "reinserted": 1952705,
          "req": 39822877
        },
        {
          "admission_treshold": 4,
          "algorithm": "offline-clock",
          "hit": 14340561,
          "inserted": 13868735,
          "layer": 1,
          "miss_ratio": 0.6213230560452696,
          "reinserted": 6244570,
          "req": 37870172
        }
      ],
      "miss_ratio": 0.5908566324828817,
      "req": 39822877
    },
    {
      "hit": 16895504,
      "iteration": 1,
      "metrics": [
        {
          "admission_treshold": 4,
          "algorithm": "lru",
          "hit": 1952705,
          "inserted": 37870172,
          "layer": 0,
          "miss_ratio": 0.9509652454291537,
          "reinserted": 1952705,
          "req": 39822877
        },
        {
          "admission_treshold": 4,
          "algorithm": "offline-clock",
          "hit": 14942799,
          "inserted": 13252756,
          "layer": 1,
          "miss_ratio": 0.6054203556297553,
          "reinserted": 2434011,
          "req": 37870172
        }
      ],
      "miss_ratio": 0.5757337170792558,
      "req": 39822877
    }
  ],
  "trace": "w13.oracleGeneral.bin.zst"
}