{
  "cache_size": 2035458688,
  "results": [
    {
      "hit": 23140703,
      "iteration": 0,
      "metrics": [
        {
          "admission_treshold": 2,
          "algorithm": "fifo",
          "hit": 23140703,
          "inserted": 16682174,
          "layer": 0,
          "miss_ratio": 0.41890931185107494,
          "reinserted": 0,
          "req": 39822877
        }
      ],
      "miss_ratio": 0.41890931185107494,
      "req": 39822877
    }
  ],
  "trace": "w13.oracleGeneral.bin.zst"
}