{
  "cache_size": 2780853,
  "results": [
    {
      "hit": 32940015,
      "iteration": 0,
      "metrics": [
        {
          "admission_treshold": 8,
          "algorithm": "fifo",
          "hit": 32940015,
          "inserted": 6882862,
          "layer": 0,
          "miss_ratio": 0.1728368846881656,
          "reinserted": 0,
          "req": 39822877
        }
      ],
      "miss_ratio": 0.1728368846881656,
      "req": 39822877
    }
  ],
  "trace": "w13.oracleGeneral.bin.zst"
}