{
  "cache_size": 101772935168,
  "results": [
    {
      "hit": 33073908,
      "iteration": 0,
      "metrics": [
        {
          "admission_treshold": 0,
          "algorithm": "offline-clock",
          "hit": 33073908,
          "inserted": 6748969,
          "layer": 0,
          "miss_ratio": 0.1694746715562514,
          "reinserted": 2165789,
          "req": 39822877
        }
      ],
      "miss_ratio": 0.1694746715562514,
      "req": 39822877
    },
    {
      "hit": 33081469,
      "iteration": 1,
      "metrics": [
        {
          "admission_treshold": 0,
          "algorithm": "offline-clock",
          "hit": 33081469,
          "inserted": 6741408,
          "layer": 0,
          "miss_ratio": 0.16928480581651595,
          "reinserted": 222851,
          "req": 39822877
        }
      ],
      "miss_ratio": 0.16928480581651595,
      "req": 39822877
    }
  ],
  "trace": "w13.oracleGeneral.bin.zst"
}