{
  "cache_size": 1017729344,
  "results": [
    {
      "hit": 18958499,
      "iteration": 0,
      "metrics": [
        {
          "admission_treshold": 32,
          "algorithm": "offline-clock",
          "hit": 18958499,
          "inserted": 20864378,
          "layer": 0,
          "miss_ratio": 0.5239294488944131,
          "reinserted": 6979962,
          "req": 39822877
        }
      ],
      "miss_ratio": 0.5239294488944131,
      "req": 39822877
    },
    {
      "hit": 19650171,
      "iteration": 1,
      "metrics": [
        {
          "admission_treshold": 32,
          "algorithm": "offline-clock",
          "hit": 19650171,
          "inserted": 20172706,
          "layer": 0,
          "miss_ratio": 0.5065607389440999,
          "reinserted": 2528621,
          "req": 39822877
        }
      ],
      "miss_ratio": 0.5065607389440999,
      "req": 39822877
    }
  ],
  "trace": "w13.oracleGeneral.bin.zst"
}