{
  "cache_size": 4466288,
  "results": [
    {
      "hit": 23496676,
      "iteration": 0,
      "metrics": [
        {
          "admission_treshold": 4,
          "algorithm": "fifo",
          "hit": 23496676,
          "inserted": 11319749,
          "layer": 0,
          "miss_ratio": 0.3251266894863559,
          "reinserted": 0,
          "req": 34816425
        }
      ],
      "miss_ratio": 0.3251266894863559,
      "req": 34816425
    }
  ],
  "trace": "w14.oracleGeneral.bin.zst"
}