{
  "cache_size": 44662,
  "results": [
    {
      "hit": 14950874,
      "iteration": 0,
      "metrics": [
        {
          "admission_treshold": 8,
          "algorithm": "lru",
          "hit": 10904053,
          "inserted": 23912372,
          "layer": 0,
          "miss_ratio": 0.6868129625600561,
          "reinserted": 10904053,
          "req": 34816425
        },
        {
          "admission_treshold": 8,
          "algorithm": "offline-clock",
          "hit": 4046821,
          "inserted": 1181721,
          "layer": 1,
          "miss_ratio": 0.8307645515049699,
          "reinserted": 1057532,
          "req": 23912372
        }
      ],
      "miss_ratio": 0.5705798628090046,
      "req": 34816425
    },
    {
      "hit": 15029672,
      "iteration": 1,
      "metrics": [
        {
          "admission_treshold": 8,
          "algorithm": "lru",
          "hit": 10904053,
          "inserted": 23912372,
          "layer": 0,
          "miss_ratio": 0.6868129625600561,
          "reinserted": 10904053,
          "req": 34816425
        },
        {
          "admission_treshold": 8,
          "algorithm": "offline-clock",
          "hit": 4125619,
          "inserted": 1103258,
          "layer": 1,
          "miss_ratio": 0.8274692698825529,
          "reinserted": 539922,
          "req": 23912372
        }
      ],
      "miss_ratio": 0.5683166206754426,
      "req": 34816425
    }
  ],
  "trace": "w14.oracleGeneral.bin.zst"
}