{
  "cache_size": 44662,
  "results": [
    {
      "hit": 14337080,
      "iteration": 0,
      "metrics": [
        {
          "admission_treshold": 0,
          "algorithm": "offline-clock",
          "hit": 14337080,
          "inserted": 20479345,
          "layer": 0,
          "miss_ratio": 0.5882093006389943,
          "reinserted": 6310511,
          "req": 34816425
        }
      ],
      "miss_ratio": 0.5882093006389943,
      "req": 34816425
    },
    {
      "hit": 14503476,
      "iteration": 1,
      "metrics": [
        {
          "admission_treshold": 0,
          "algorithm": "offline-clock",
          "hit": 14503476,
          "inserted": 20312949,
          "layer": 0,
          "miss_ratio": 0.5834300621043085,
          "reinserted": 739565,
          "req": 34816425
        }
      ],
      "miss_ratio": 0.5834300621043085,
      "req": 34816425
    }
  ],
  "trace": "w14.oracleGeneral.bin.zst"
}