{
  "cache_size": 75740749824,
  "results": [
    {
      "hit": 17202352,
      "iteration": 0,
      "metrics": [
        {
          "admission_treshold": 1,
          "algorithm": "lru",
          "hit": 17202352,
          "inserted": 17614073,
          "layer": 0,
          "miss_ratio": 0.5059127408974355,
          "reinserted": 17202352,
          "req": 34816425
        }
      ],
      "miss_ratio": 0.5059127408974355,
      "req": 34816425
    }
  ],
  "trace": "w14.oracleGeneral.bin.zst"
}