{
  "cache_size": 893257,
  "results": [
    {
      "hit": 17559136,
      "iteration": 0,
      "metrics": [
        {
          "admission_treshold": 32,
          "algorithm": "lru",
          "hit": 17559136,
          "inserted": 17257289,
          "layer": 0,
          "miss_ratio": 0.49566516378404735,
          "reinserted": 17559136,
          "req": 34816425
        }
      ],
      "miss_ratio": 0.49566516378404735,
      "req": 34816425
    }
  ],
  "trace": "w14.oracleGeneral.bin.zst"
}