{
  "cache_size": 3787037440,
  "results": [
    {
      "hit": 15318617,
      "iteration": 0,
      "metrics": [
        {
          "admission_treshold": 8,
          "algorithm": "lru",
          "hit": 10878138,
          "inserted": 23938287,
          "layer": 0,
          "miss_ratio": 0.6875572951559501,
          "reinserted": 10878138,
          "req": 34816425
        },
        {
          "admission_treshold": 8,
          "algorithm": "offline-clock",
          "hit": 4440479,
          "inserted": 781349,
          "layer": 1,
          "miss_ratio": 0.8145030594712145,
          "reinserted": 829768,
          "req": 23938287
        }
      ],
      "miss_ratio": 0.5600175204662742,
      "req": 34816425
    },
    {
      "hit": 15349829,
      "iteration": 1,
      "metrics": [
        {
          "admission_treshold": 8,
          "algorithm": "lru",
          "hit": 10878138,
          "inserted": 23938287,
          "layer": 0,
          "miss_ratio": 0.6875572951559501,
          "reinserted": 10878138,
          "req": 34816425
        },
        {
          "admission_treshold": 8,
          "algorithm": "offline-clock",
          "hit": 4471691,
          "inserted": 750165,
          "layer": 1,
          "miss_ratio": 0.8131992067769929,
          "reinserted": 439463,
          "req": 23938287
        }
      ],
      "miss_ratio": 0.5591210470345533,
      "req": 34816425
    }
  ],
  "trace": "w14.oracleGeneral.bin.zst"
}