{
  "cache_size": 7574074880,
  "results": [
    {
      "hit": 15663789,
      "iteration": 0,
      "metrics": [
        {
          "admission_treshold": 8,
          "algorithm": "lru",
          "hit": 11124198,
          "inserted": 23692227,
          "layer": 0,
          "miss_ratio": 0.680489941170008,
          "reinserted": 11124198,
          "req": 34816425
        },
        {
          "admission_treshold": 8,
          "algorithm": "offline-clock",
          "hit": 4539591,
          "inserted": 504639,
          "layer": 1,
          "miss_ratio": 0.8083932337808515,
          "reinserted": 578677,
          "req": 23692227
        }
      ],
      "miss_ratio": 0.5501034640977642,
      "req": 34816425
    },
    {
      "hit": 15686268,
      "iteration": 1,
      "metrics": [
        {
          "admission_treshold": 8,
          "algorithm": "lru",
          "hit": 11124198,
          "inserted": 23692227,
          "layer": 0,
          "miss_ratio": 0.680489941170008,
          "reinserted": 11124198,
          "req": 34816425
        },
        {
          "admission_treshold": 8,
          "algorithm": "offline-clock",
          "hit": 4562070,
          "inserted": 482097,
          "layer": 1,
          "miss_ratio": 0.8074444415883741,
          "reinserted": 321462,
          "req": 23692227
        }
      ],
      "miss_ratio": 0.5494578205545227,
      "req": 34816425
    }
  ],
  "trace": "w14.oracleGeneral.bin.zst"
}