{
  "cache_size": 3787037440,
  "results": [
    {
      "hit": 14368278,
      "iteration": 0,
      "metrics": [
        {
          "admission_treshold": 8,
          "algorithm": "lru",
          "hit": 14368278,
          "inserted": 20448147,
          "layer": 0,
          "miss_ratio": 0.5873132293163357,
          "reinserted": 14368278,
          "req": 34816425
        }
      ],
      "miss_ratio": 0.5873132293163357,
      "req": 34816425
    }
  ],
  "trace": "w14.oracleGeneral.bin.zst"
}