{
  "cache_size": 189351870464,
  "results": [
    {
      "hit": 17681450,
      "iteration": 0,
      "metrics": [
        {
          "admission_treshold": 16,
          "algorithm": "fifo",
          "hit": 17681450,
          "inserted": 17134975,
          "layer": 0,
          "miss_ratio": 0.49215205179739163,
          "reinserted": 0,
          "req": 34816425
        }
      ],
      "miss_ratio": 0.49215205179739163,
      "req": 34816425
    }
  ],
  "trace": "w14.oracleGeneral.bin.zst"
}