{
  "cache_size": 75740749824,
  "results": [
    {
      "hit": 17251851,
      "iteration": 0,
      "metrics": [
        {
          "admission_treshold": 2,
          "algorithm": "lru",
          "hit": 12592096,
          "inserted": 22224329,
          "layer": 0,
          "miss_ratio": 0.6383288634602777,
          "reinserted": 12592096,
          "req": 34816425
        },
        {
          "admission_treshold": 2,
          "algorithm": "offline-clock",
          "hit": 4659755,
          "inserted": 13003774,
          "layer": 1,
          "miss_ratio": 0.7903309026787715,
          "reinserted": 1365672,
          "req": 22224329
        }
      ],
      "miss_ratio": 0.5044910268644756,
      "req": 34816425
    },
    {
      "hit": 17265597,
      "iteration": 1,
      "metrics": [
        {
          "admission_treshold": 2,
          "algorithm": "lru",
          "hit": 12592096,
          "inserted": 22224329,
          "layer": 0,
          "miss_ratio": 0.6383288634602777,
          "reinserted": 12592096,
          "req": 34816425
        },
        {
          "admission_treshold": 2,
          "algorithm": "offline-clock",
          "hit": 4673501,
          "inserted": 12989251,
          "layer": 1,
          "miss_ratio": 0.7897123913167412,
          "reinserted": 502711,
          "req": 22224329
        }
      ],
      "miss_ratio": 0.5040962132097135,
      "req": 34816425
    }
  ],
  "trace": "w14.oracleGeneral.bin.zst"
}