{
  "cache_size": 6700335104,
  "results": [
    {
      "hit": 3012848,
      "iteration": 0,
      "metrics": [
        {
          "admission_treshold": 8,
          "algorithm": "fifo",
          "hit": 3012848,
          "inserted": 30615909,
          "layer": 0,
          "miss_ratio": 0.9104085827495795,
          "reinserted": 0,
          "req": 33628757
        }
      ],
      "miss_ratio": 0.9104085827495795,
      "req": 33628757
    }
  ],
  "trace": "w15.oracleGeneral.bin.zst"
}