{
  "cache_size": 16750837760,
  "results": [
    {
      "hit": 8648170,
      "iteration": 0,
      "metrics": [
        {
          "admission_treshold": 1,
          "algorithm": "lru",
          "hit": 8648170,
          "inserted": 24980587,
          "layer": 0,
          "miss_ratio": 0.7428340869096054,
          "reinserted": 8648170,
          "req": 33628757
        }
      ],
      "miss_ratio": 0.7428340869096054,
      "req": 33628757
    }
  ],
  "trace": "w15.oracleGeneral.bin.zst"
}