{
  "cache_size": 16750837760,
  "results": [
    {
      "hit": 6317275,
      "iteration": 0,
      "metrics": [
        {
          "admission_treshold": 4,
          "algorithm": "lru",
          "hit": 191319,
          "inserted": 33437438,
          "layer": 0,
          "miss_ratio": 0.994310851275294,
          "reinserted": 191319,
          "req": 33628757
        },
        {
          "admission_treshold": 4,
          "algorithm": "offline-clock",
          "hit": 6125956,
          "inserted": 12743780,
          "layer": 1,
          "miss_ratio": 0.816793499549816,
          "reinserted": 4443586,
          "req": 33437438
        }
      ],
      "miss_ratio": 0.812146639853504,
      "req": 33628757
    },
    {
      "hit": 6305271,
      "iteration": 1,
      "metrics": [
        {
          "admission_treshold": 4,
          "algorithm": "lru",
          "hit": 191319,
          "inserted": 33437438,
          "layer": 0,
          "miss_ratio": 0.994310851275294,
          "reinserted": 191319,
          "req": 33628757
        },
        {
          "admission_treshold": 4,
          "algorithm": "offline-clock",
          "hit": 6113952,
          "inserted": 12749220,
          "layer": 1,
          "miss_ratio": 0.8171524983463148,
          "reinserted": 2743479,
          "req": 33437438
        }
      ],
      "miss_ratio": 0.8125035962524574,
      "req": 33628757
    }
  ],
  "trace": "w15.oracleGeneral.bin.zst"
}