{
  "cache_size": 33501675520,
  "results": [
    {
      "hit": 23262478,
      "iteration": 0,
      "metrics": [
        {
          "admission_treshold": 2,
          "algorithm": "lru",
          "hit": 376846,
          "inserted": 33251911,
          "layer": 0,
          "miss_ratio": 0.9887939360946347,
          "reinserted": 376846,
          "req": 33628757
        },
        {
          "admission_treshold": 2,
          "algorithm": "offline-clock",
          "hit": 22885632,
          "inserted": 4863844,
          "layer": 1,
          "miss_ratio": 0.3117498720599847,
          "reinserted": 12476759,
          "req": 33251911
        }
      ],
      "miss_ratio": 0.3082563830711911,
      "req": 33628757
    },
    {
      "hit": 23288500,
      "iteration": 1,
      "metrics": [
        {
          "admission_treshold": 2,
          "algorithm": "lru",
          "hit": 376846,
          "inserted": 33251911,
          "layer": 0,
          "miss_ratio": 0.9887939360946347,
          "reinserted": 376846,
          "req": 33628757
        },
        {
          "admission_treshold": 2,
          "algorithm": "offline-clock",
          "hit": 22911654,
          "inserted": 4836521,
          "layer": 1,
          "miss_ratio": 0.3109673004959024,
          "reinserted": 8249877,
          "req": 33251911
        }
      ],
      "miss_ratio": 0.30748258105406634,
      "req": 33628757
    }
  ],
  "trace": "w15.oracleGeneral.bin.zst"
}