{
  "cache_size": 2779380,
  "results": [
    {
      "hit": 9419936,
      "iteration": 0,
      "metrics": [
        {
          "admission_treshold": 32,
          "algorithm": "offline-clock",
          "hit": 9419936,
          "inserted": 24208821,
          "layer": 0,
          "miss_ratio": 0.7198845024215436,
          "reinserted": 7591652,
          "req": 33628757
        }
      ],
      "miss_ratio": 0.7198845024215436,
      "req": 33628757
    },
    {
      "hit": 10324390,
      "iteration": 1,
      "metrics": [
        {
          "admission_treshold": 32,
          "algorithm": "offline-clock",
          "hit": 10324390,
          "inserted": 23304367,
          "layer": 0,
          "miss_ratio": 0.6929892472683423,
          "reinserted": 3180148,
          "req": 33628757
        }
      ],
      "miss_ratio": 0.6929892472683423,
      "req": 33628757
    }
  ],
  "trace": "w15.oracleGeneral.bin.zst"
}