{
  "cache_size": 33501675520,
  "results": [
    {
      "hit": 20772640,
      "iteration": 0,
      "metrics": [
        {
          "admission_treshold": 16,
          "algorithm": "offline-clock",
          "hit": 20772640,
          "inserted": 12856117,
          "layer": 0,
          "miss_ratio": 0.38229533729123555,
          "reinserted": 15851725,
          "req": 33628757
        }
      ],
      "miss_ratio": 0.38229533729123555,
      "req": 33628757
    },
    {
      "hit": 21297351,
      "iteration": 1,
      "metrics": [
        {
          "admission_treshold": 16,
          "algorithm": "offline-clock",
          "hit": 21297351,
          "inserted": 12331406,
          "layer": 0,
          "miss_ratio": 0.3666922925518775,
          "reinserted": 12566332,
          "req": 33628757
        }
      ],
      "miss_ratio": 0.3666922925518775,
      "req": 33628757
    }
  ],
  "trace": "w15.oracleGeneral.bin.zst"
}