{
  "cache_size": 27793,
  "results": [
    {
      "hit": 205927,
      "iteration": 0,
      "metrics": [
        {
          "admission_treshold": 4,
          "algorithm": "lru",
          "hit": 64718,
          "inserted": 33564039,
          "layer": 0,
          "miss_ratio": 0.9980755161423303,
          "reinserted": 64718,
          "req": 33628757
        },
        {
          "admission_treshold": 4,
          "algorithm": "offline-clock",
          "hit": 141209,
          "inserted": 18823632,
          "layer": 1,
          "miss_ratio": 0.9957928484113607,
          "reinserted": 79766,
          "req": 33564039
        }
      ],
      "miss_ratio": 0.9938764611490101,
      "req": 33628757
    },
    {
      "hit": 206471,
      "iteration": 1,
      "metrics": [
        {
          "admission_treshold": 4,
          "algorithm": "lru",
          "hit": 64718,
          "inserted": 33564039,
          "layer": 0,
          "miss_ratio": 0.9980755161423303,
          "reinserted": 64718,
          "req": 33628757
        },
        {
          "admission_treshold": 4,
          "algorithm": "offline-clock",
          "hit": 141753,
          "inserted": 18823095,
          "layer": 1,
          "miss_ratio": 0.9957766405884584,
          "reinserted": 6137,
          "req": 33564039
        }
      ],
      "miss_ratio": 0.9938602845178013,
      "req": 33628757
    }
  ],
  "trace": "w15.oracleGeneral.bin.zst"
}