{
  "cache_size": 33501675520,
  "results": [
    {
      "hit": 19535735,
      "iteration": 0,
      "metrics": [
        {
          "admission_treshold": 8,
          "algorithm": "fifo",
          "hit": 19535735,
          "inserted": 14093022,
          "layer": 0,
          "miss_ratio": 0.419076506455472,
          "reinserted": 0,
          "req": 33628757
        }
      ],
      "miss_ratio": 0.419076506455472,
      "req": 33628757
    }
  ],
  "trace": "w15.oracleGeneral.bin.zst"
}