{
  "cache_size": 335016736,
  "results": [
    {
      "hit": 459864,
      "iteration": 0,
      "metrics": [
        {
          "admission_treshold": 4,
          "algorithm": "lru",
          "hit": 62360,
          "inserted": 33566397,
          "layer": 0,
          "miss_ratio": 0.9981456347018713,
          "reinserted": 62360,
          "req": 33628757
        },
        {
          "admission_treshold": 4,
          "algorithm": "offline-clock",
          "hit": 397504,
          "inserted": 18570132,
          "layer": 1,
          "miss_ratio": 0.9881576804326064,
          "reinserted": 264940,
          "req": 33566397
        }
      ],
      "miss_ratio": 0.9863252751209329,
      "req": 33628757
    },
    {
      "hit": 488679,
      "iteration": 1,
      "metrics": [
        {
          "admission_treshold": 4,
          "algorithm": "lru",
          "hit": 62360,
          "inserted": 33566397,
          "layer": 0,
          "miss_ratio": 0.9981456347018713,
          "reinserted": 62360,
          "req": 33628757
        },
        {
          "admission_treshold": 4,
          "algorithm": "offline-clock",
          "hit": 426319,
          "inserted": 18539169,
          "layer": 1,
          "miss_ratio": 0.9872992326224349,
          "reinserted": 52422,
          "req": 33566397
        }
      ],
      "miss_ratio": 0.9854684191865908,
      "req": 33628757
    }
  ],
  "trace": "w15.oracleGeneral.bin.zst"
}