{
  "cache_size": 999977024,
  "results": [
    {
      "hit": 83699876,
      "iteration": 0,
      "metrics": [
        {
          "admission_treshold": 32,
          "algorithm": "fifo",
          "hit": 83699876,
          "inserted": 16300124,
          "layer": 0,
          "miss_ratio": 0.16300124000000005,
          "reinserted": 0,
          "req": 100000000
        }
      ],
      "miss_ratio": 0.16300124000000005,
      "req": 100000000
    }
  ],
  "trace": "zipf_1_16.oracleGeneral"
}