{
  "cache_size": 4999,
  "results": [
    {
      "hit": 54457574,
      "iteration": 0,
      "metrics": [
        {
          "admission_treshold": 4,
          "algorithm": "lru",
          "hit": 17362552,
          "inserted": 82637448,
          "layer": 0,
          "miss_ratio": 0.82637448,
          "reinserted": 17362552,
          "req": 100000000
        },
        {
          "admission_treshold": 4,
          "algorithm": "offline-clock",
          "hit": 37095022,
          "inserted": 42578647,
          "layer": 1,
          "miss_ratio": 0.551111234703182,
          "reinserted": 10386498,
          "req": 82637448
        }
      ],
      "miss_ratio": 0.45542426,
      "req": 100000000
    },
    {
      "hit": 54585185,
      "iteration": 1,
      "metrics": [
        {
          "admission_treshold": 4,
          "algorithm": "lru",
          "hit": 17362552,
          "inserted": 82637448,
          "layer": 0,
          "miss_ratio": 0.82637448,
          "reinserted": 17362552,
          "req": 100000000
        },
        {
          "admission_treshold": 4,
          "algorithm": "offline-clock",
          "hit": 37222633,
          "inserted": 42446263,
          "layer": 1,
          "miss_ratio": 0.549567007441953,
          "reinserted": 6023314,
          "req": 82637448
        }
      ],
      "miss_ratio": 0.45414815,
      "req": 100000000
    }
  ],
  "trace": "zipf_1_13.oracleGeneral"
}