{
  "cache_size": 4999,
  "results": [
    {
      "hit": 52947617,
      "iteration": 0,
      "metrics": [
        {
          "admission_treshold": 16,
          "algorithm": "lru",
          "hit": 52947617,
          "inserted": 47052383,
          "layer": 0,
          "miss_ratio": 0.47052383,
          "reinserted": 52947617,
          "req": 100000000
        }
      ],
      "miss_ratio": 0.47052383,
      "req": 100000000
    }
  ],
  "trace": "zipf_1_18.oracleGeneral"
}