{
  "cache_size": 4999,
  "results": [
    {
      "hit": 56963046,
      "iteration": 0,
      "metrics": [
        {
          "admission_treshold": 32,
          "algorithm": "lru",
          "hit": 17362510,
          "inserted": 82637490,
          "layer": 0,
          "miss_ratio": 0.8263749,
          "reinserted": 17362510,
          "req": 100000000
        },
        {
          "admission_treshold": 32,
          "algorithm": "offline-clock",
          "hit": 39600536,
          "inserted": 25831409,
          "layer": 1,
          "miss_ratio": 0.5207921247366056,
          "reinserted": 10030950,
          "req": 82637490
        }
      ],
      "miss_ratio": 0.43036954000000005,
      "req": 100000000
    },
    {
      "hit": 57268257,
      "iteration": 1,
      "metrics": [
        {
          "admission_treshold": 32,
          "algorithm": "lru",
          "hit": 17362510,
          "inserted": 82637490,
          "layer": 0,
          "miss_ratio": 0.8263749,
          "reinserted": 17362510,
          "req": 100000000
        },
        {
          "admission_treshold": 32,
          "algorithm": "offline-clock",
          "hit": 39905747,
          "inserted": 25523200,
          "layer": 1,
          "miss_ratio": 0.517098752636364,
          "reinserted": 5719627,
          "req": 82637490
        }
      ],
      "miss_ratio": 0.42731743,
      "req": 100000000
    }
  ],
  "trace": "zipf_1_14.oracleGeneral"
}