{
  "cache_size": 9999,
  "results": [
    {
      "hit": 59480045,
      "iteration": 0,
      "metrics": [
        {
          "admission_treshold": 32,
          "algorithm": "offline-clock",
          "hit": 59480045,
          "inserted": 40519955,
          "layer": 0,
          "miss_ratio": 0.40519954999999996,
          "reinserted": 10439737,
          "req": 100000000
        }
      ],
      "miss_ratio": 0.40519954999999996,
      "req": 100000000
    },
    {
      "hit": 59627971,
      "iteration": 1,
      "metrics": [
        {
          "admission_treshold": 32,
          "algorithm": "offline-clock",
          "hit": 59627971,
          "inserted": 40372029,
          "layer": 0,
          "miss_ratio": 0.40372029,
          "reinserted": 6046061,
          "req": 100000000
        }
      ],
      "miss_ratio": 0.40372029,
      "req": 100000000
    }
  ],
  "trace": "zipf_1_18.oracleGeneral"
}