{
  "cache_size": 999944000,
  "results": [
    {
      "hit": 86258692,
      "iteration": 0,
      "metrics": [
        {
          "admission_treshold": 0,
          "algorithm": "lru",
          "hit": 86258692,
          "inserted": 13741308,
          "layer": 0,
          "miss_ratio": 0.13741307999999997,
          "reinserted": 86258692,
          "req": 100000000
        }
      ],
      "miss_ratio": 0.13741307999999997,
      "req": 100000000
    }
  ],
  "trace": "zipf_1_13.oracleGeneral"
}