{
  "cache_size": 249975,
  "results": [
    {
      "hit": 86730062,
      "iteration": 0,
      "metrics": [
        {
          "admission_treshold": 8,
          "algorithm": "offline-clock",
          "hit": 86730062,
          "inserted": 13269938,
          "layer": 0,
          "miss_ratio": 0.13269938000000003,
          "reinserted": 9837822,
          "req": 100000000
        }
      ],
      "miss_ratio": 0.13269938000000003,
      "req": 100000000
    },
    {
      "hit": 87329099,
      "iteration": 1,
      "metrics": [
        {
          "admission_treshold": 8,
          "algorithm": "offline-clock",
          "hit": 87329099,
          "inserted": 12670901,
          "layer": 0,
          "miss_ratio": 0.12670901,
          "reinserted": 5575787,
          "req": 100000000
        }
      ],
      "miss_ratio": 0.12670901,
      "req": 100000000
    }
  ],
  "trace": "zipf_1_10.oracleGeneral"
}