{
  "cache_size": 608793024,
  "results": [
    {
      "hit": 6673023,
      "iteration": 0,
      "metrics": [
        {
          "admission_treshold": 1,
          "algorithm": "offline-clock",
          "hit": 6673023,
          "inserted": 1485868,
          "layer": 0,
          "miss_ratio": 0.18211641753762853,
          "reinserted": 774639,
          "req": 8158891
        }
      ],
      "miss_ratio": 0.18211641753762853,
      "req": 8158891
    },
    {
      "hit": 6708563,
      "iteration": 1,
      "metrics": [
        {
          "admission_treshold": 1,
          "algorithm": "offline-clock",
          "hit": 6708563,
          "inserted": 1450328,
          "layer": 0,
          "miss_ratio": 0.17776043337262382,
          "reinserted": 466143,
          "req": 8158891
        }
      ],
      "miss_ratio": 0.17776043337262382,
      "req": 8158891
    }
  ],
  "trace": "zipf_1_1.oracleGeneral"
}