{
  "cache_size": 399946816,
  "results": [
    {
      "hit": 77903456,
      "iteration": 0,
      "metrics": [
        {
          "admission_treshold": 0,
          "algorithm": "lru",
          "hit": 77903456,
          "inserted": 22096544,
          "layer": 0,
          "miss_ratio": 0.22096543999999996,
          "reinserted": 77903456,
          "req": 100000000
        }
      ],
      "miss_ratio": 0.22096543999999996,
      "req": 100000000
    }
  ],
  "trace": "zipf_1_14.oracleGeneral"
}