{
  "cache_size": 1999623936,
  "results": [
    {
      "hit": 92867556,
      "iteration": 0,
      "metrics": [
        {
          "admission_treshold": 32,
          "algorithm": "lru",
          "hit": 92867556,
          "inserted": 7132444,
          "layer": 0,
          "miss_ratio": 0.07132444000000004,
          "reinserted": 92867556,
          "req": 100000000
        }
      ],
      "miss_ratio": 0.07132444000000004,
      "req": 100000000
    }
  ],
  "trace": "zipf_1_9.oracleGeneral"
}