{
  "cache_size": 399955616,
  "results": [
    {
      "hit": 77910714,
      "iteration": 0,
      "metrics": [
        {
          "admission_treshold": 8,
          "algorithm": "lru",
          "hit": 77910714,
          "inserted": 22089286,
          "layer": 0,
          "miss_ratio": 0.22089285999999997,
          "reinserted": 77910714,
          "req": 100000000
        }
      ],
      "miss_ratio": 0.22089285999999997,
      "req": 100000000
    }
  ],
  "trace": "zipf_1_17.oracleGeneral"
}