{
  "cache_size": 4999,
  "results": [
    {
      "hit": 52950273,
      "iteration": 0,
      "metrics": [
        {
          "admission_treshold": 0,
          "algorithm": "lru",
          "hit": 52950273,
          "inserted": 47049727,
          "layer": 0,
          "miss_ratio": 0.47049726999999997,
          "reinserted": 52950273,
          "req": 100000000
        }
      ],
      "miss_ratio": 0.47049726999999997,
      "req": 100000000
    }
  ],
  "trace": "zipf_1_11.oracleGeneral"
}