{
  "cache_size": 19996238,
  "results": [
    {
      "hit": 52952547,
      "iteration": 0,
      "metrics": [
        {
          "admission_treshold": 1,
          "algorithm": "lru",
          "hit": 52952547,
          "inserted": 47047453,
          "layer": 0,
          "miss_ratio": 0.47047452999999995,
          "reinserted": 52952547,
          "req": 100000000
        }
      ],
      "miss_ratio": 0.47047452999999995,
      "req": 100000000
    }
  ],
  "trace": "zipf_1_9.oracleGeneral"
}