{
  "cache_size": 499917,
  "results": [
    {
      "hit": 90944250,
      "iteration": 0,
      "metrics": [
        {
          "admission_treshold": 8,
          "algorithm": "lru",
          "hit": 52941335,
          "inserted": 47058665,
          "layer": 0,
          "miss_ratio": 0.47058665,
          "reinserted": 52941335,
          "req": 100000000
        },
        {
          "admission_treshold": 8,
          "algorithm": "offline-clock",
          "hit": 38002915,
          "inserted": 2304333,
          "layer": 1,
          "miss_ratio": 0.19243533576653737,
          "reinserted": 4143315,
          "req": 47058665
        }
      ],
      "miss_ratio": 0.09055749999999996,
      "req": 100000000
    },
    {
      "hit": 91239693,
      "iteration": 1,
      "metrics": [
        {
          "admission_treshold": 8,
          "algorithm": "lru",
          "hit": 52941335,
          "inserted": 47058665,
          "layer": 0,
          "miss_ratio": 0.47058665,
          "reinserted": 52941335,
          "req": 100000000
        },
        {
          "admission_treshold": 8,
          "algorithm": "offline-clock",
          "hit": 38298358,
          "inserted": 2007387,
          "layer": 1,
          "miss_ratio": 0.186157150866902,
          "reinserted": 2199247,
          "req": 47058665
        }
      ],
      "miss_ratio": 0.08760307,
      "req": 100000000
    }
  ],
  "trace": "zipf_1_19.oracleGeneral"
}