{
  "cache_size": 9998,
  "results": [
    {
      "hit": 59468060,
      "iteration": 0,
      "metrics": [
        {
          "admission_treshold": 4,
          "algorithm": "offline-clock",
          "hit": 59468060,
          "inserted": 40531940,
          "layer": 0,
          "miss_ratio": 0.4053194,
          "reinserted": 10438855,
          "req": 100000000
        }
      ],
      "miss_ratio": 0.4053194,
      "req": 100000000
    },
    {
      "hit": 59614692,
      "iteration": 1,
      "metrics": [
        {
          "admission_treshold": 4,
          "algorithm": "offline-clock",
          "hit": 59614692,
          "inserted": 40385308,
          "layer": 0,
          "miss_ratio": 0.40385308,
          "reinserted": 6045798,
          "req": 100000000
        }
      ],
      "miss_ratio": 0.40385308,
      "req": 100000000
    }
  ],
  "trace": "zipf_1_14.oracleGeneral"
}