{
  "cache_size": 999811968,
  "results": [
    {
      "hit": 83711505,
      "iteration": 0,
      "metrics": [
        {
          "admission_treshold": 16,
          "algorithm": "fifo",
          "hit": 83711505,
          "inserted": 16288495,
          "layer": 0,
          "miss_ratio": 0.16288495000000003,
          "reinserted": 0,
          "req": 100000000
        }
      ],
      "miss_ratio": 0.16288495000000003,
      "req": 100000000
    }
  ],
  "trace": "zipf_1_9.oracleGeneral"
}