{
  "cache_size": 499988,
  "results": [
    {
      "hit": 91086829,
      "iteration": 0,
      "metrics": [
        {
          "admission_treshold": 4,
          "algorithm": "fifo",
          "hit": 91086829,
          "inserted": 8913171,
          "layer": 0,
          "miss_ratio": 0.08913170999999998,
          "reinserted": 0,
          "req": 100000000
        }
      ],
      "miss_ratio": 0.08913170999999998,
      "req": 100000000
    }
  ],
  "trace": "zipf_1_16.oracleGeneral"
}