{
  "cache_size": 1999667968,
  "results": [
    {
      "hit": 93085878,
      "iteration": 0,
      "metrics": [
        {
          "admission_treshold": 4,
          "algorithm": "offline-clock",
          "hit": 93085878,
          "inserted": 6914122,
          "layer": 0,
          "miss_ratio": 0.06914122,
          "reinserted": 8733163,
          "req": 100000000
        }
      ],
      "miss_ratio": 0.06914122,
      "req": 100000000
    },
    {
      "hit": 93804098,
      "iteration": 1,
      "metrics": [
        {
          "admission_treshold": 4,
          "algorithm": "offline-clock",
          "hit": 93804098,
          "inserted": 6195902,
          "layer": 0,
          "miss_ratio": 0.061959019999999976,
          "reinserted": 4912141,
          "req": 100000000
        }
      ],
      "miss_ratio": 0.061959019999999976,
      "req": 100000000
    }
  ],
  "trace": "zipf_1_19.oracleGeneral"
}