{
  "cache_size": 99997,
  "results": [
    {
      "hit": 78601694,
      "iteration": 0,
      "metrics": [
        {
          "admission_treshold": 2,
          "algorithm": "offline-clock",
          "hit": 78601694,
          "inserted": 21398306,
          "layer": 0,
          "miss_ratio": 0.21398306,
          "reinserted": 10274590,
          "req": 100000000
        }
      ],
      "miss_ratio": 0.21398306,
      "req": 100000000
    },
    {
      "hit": 78997133,
      "iteration": 1,
      "metrics": [
        {
          "admission_treshold": 2,
          "algorithm": "offline-clock",
          "hit": 78997133,
          "inserted": 21002867,
          "layer": 0,
          "miss_ratio": 0.21002867000000003,
          "reinserted": 5851636,
          "req": 100000000
        }
      ],
      "miss_ratio": 0.21002867000000003,
      "req": 100000000
    }
  ],
  "trace": "zipf_1_16.oracleGeneral"
}