{
  "cache_size": 39994240,
  "results": [
    {
      "hit": 55017527,
      "iteration": 0,
      "metrics": [
        {
          "admission_treshold": 8,
          "algorithm": "fifo",
          "hit": 55017527,
          "inserted": 44982473,
          "layer": 0,
          "miss_ratio": 0.44982473,
          "reinserted": 0,
          "req": 100000000
        }
      ],
      "miss_ratio": 0.44982473,
      "req": 100000000
    }
  ],
  "trace": "zipf_1_15.oracleGeneral"
}