{
  "cache_size": 999833984,
  "results": [
    {
      "hit": 83708370,
      "iteration": 0,
      "metrics": [
        {
          "admission_treshold": 32,
          "algorithm": "fifo",
          "hit": 83708370,
          "inserted": 16291630,
          "layer": 0,
          "miss_ratio": 0.16291630000000001,
          "reinserted": 0,
          "req": 100000000
        }
      ],
      "miss_ratio": 0.16291630000000001,
      "req": 100000000
    }
  ],
  "trace": "zipf_1_2.oracleGeneral"
}