{
  "cache_size": 39997760,
  "results": [
    {
      "hit": 55019154,
      "iteration": 0,
      "metrics": [
        {
          "admission_treshold": 2,
          "algorithm": "fifo",
          "hit": 55019154,
          "inserted": 44980846,
          "layer": 0,
          "miss_ratio": 0.44980845999999997,
          "reinserted": 0,
          "req": 100000000
        }
      ],
      "miss_ratio": 0.44980845999999997,
      "req": 100000000
    }
  ],
  "trace": "zipf_1_13.oracleGeneral"
}