{
  "cache_size": 249972,
  "results": [
    {
      "hit": 86786275,
      "iteration": 0,
      "metrics": [
        {
          "admission_treshold": 4,
          "algorithm": "lru",
          "hit": 47459760,
          "inserted": 52540240,
          "layer": 0,
          "miss_ratio": 0.5254023999999999,
          "reinserted": 47459760,
          "req": 100000000
        },
        {
          "admission_treshold": 4,
          "algorithm": "offline-clock",
          "hit": 39326515,
          "inserted": 10240592,
          "layer": 1,
          "miss_ratio": 0.2514972333586599,
          "reinserted": 8721432,
          "req": 52540240
        }
      ],
      "miss_ratio": 0.13213724999999998,
      "req": 100000000
    },
    {
      "hit": 87341950,
      "iteration": 1,
      "metrics": [
        {
          "admission_treshold": 4,
          "algorithm": "lru",
          "hit": 47459760,
          "inserted": 52540240,
          "layer": 0,
          "miss_ratio": 0.5254023999999999,
          "reinserted": 47459760,
          "req": 100000000
        },
        {
          "admission_treshold": 4,
          "algorithm": "offline-clock",
          "hit": 39882190,
          "inserted": 9681672,
          "layer": 1,
          "miss_ratio": 0.24092105403401276,
          "reinserted": 4898201,
          "req": 52540240
        }
      ],
      "miss_ratio": 0.12658049999999998,
      "req": 100000000
    }
  ],
  "trace": "zipf_1_17.oracleGeneral"
}