{
  "cache_size": 249966,
  "results": [
    {
      "hit": 86729027,
      "iteration": 0,
      "metrics": [
        {
          "admission_treshold": 1,
          "algorithm": "offline-clock",
          "hit": 86729027,
          "inserted": 13270973,
          "layer": 0,
          "miss_ratio": 0.13270972999999997,
          "reinserted": 9843057,
          "req": 100000000
        }
      ],
      "miss_ratio": 0.13270972999999997,
      "req": 100000000
    },
    {
      "hit": 87325945,
      "iteration": 1,
      "metrics": [
        {
          "admission_treshold": 1,
          "algorithm": "offline-clock",
          "hit": 87325945,
          "inserted": 12674055,
          "layer": 0,
          "miss_ratio": 0.12674054999999995,
          "reinserted": 5583741,
          "req": 100000000
        }
      ],
      "miss_ratio": 0.12674054999999995,
      "req": 100000000
    }
  ],
  "trace": "zipf_1_14.oracleGeneral"
}