{
  "cache_size": 19999540,
  "results": [
    {
      "hit": 56962782,
      "iteration": 0,
      "metrics": [
        {
          "admission_treshold": 32,
          "algorithm": "lru",
          "hit": 17359950,
          "inserted": 82640050,
          "layer": 0,
          "miss_ratio": 0.8264005,
          "reinserted": 17359950,
          "req": 100000000
        },
        {
          "admission_treshold": 32,
          "algorithm": "offline-clock",
          "hit": 39602832,
          "inserted": 25827971,
          "layer": 1,
          "miss_ratio": 0.5207791863630286,
          "reinserted": 10030926,
          "req": 82640050
        }
      ],
      "miss_ratio": 0.43037218,
      "req": 100000000
    },
    {
      "hit": 57268548,
      "iteration": 1,
      "metrics": [
        {
          "admission_treshold": 32,
          "algorithm": "lru",
          "hit": 17359950,
          "inserted": 82640050,
          "layer": 0,
          "miss_ratio": 0.8264005,
          "reinserted": 17359950,
          "req": 100000000
        },
        {
          "admission_treshold": 32,
          "algorithm": "offline-clock",
          "hit": 39908598,
          "inserted": 25519258,
          "layer": 1,
          "miss_ratio": 0.5170792128029933,
          "reinserted": 5717470,
          "req": 82640050
        }
      ],
      "miss_ratio": 0.42731452000000003,
      "req": 100000000
    }
  ],
  "trace": "zipf_1_16.oracleGeneral"
}