{
  "cache_size": 9998,
  "results": [
    {
      "hit": 58518467,
      "iteration": 0,
      "metrics": [
        {
          "admission_treshold": 1,
          "algorithm": "lru",
          "hit": 58518467,
          "inserted": 41481533,
          "layer": 0,
          "miss_ratio": 0.41481533000000004,
          "reinserted": 58518467,
          "req": 100000000
        }
      ],
      "miss_ratio": 0.41481533000000004,
      "req": 100000000
    }
  ],
  "trace": "zipf_1_9.oracleGeneral"
}