{
  "cache_size": 9999,
  "results": [
    {
      "hit": 59672610,
      "iteration": 0,
      "metrics": [
        {
          "admission_treshold": 2,
          "algorithm": "lru",
          "hit": 22638469,
          "inserted": 77361531,
          "layer": 0,
          "miss_ratio": 0.7736153100000001,
          "reinserted": 22638469,
          "req": 100000000
        },
        {
          "admission_treshold": 2,
          "algorithm": "offline-clock",
          "hit": 37034141,
          "inserted": 39359567,
          "layer": 1,
          "miss_ratio": 0.5212847972204686,
          "reinserted": 10395206,
          "req": 77361531
        }
      ],
      "miss_ratio": 0.40327389999999996,
      "req": 100000000
    },
    {
      "hit": 59819313,
      "iteration": 1,
      "metrics": [
        {
          "admission_treshold": 2,
          "algorithm": "lru",
          "hit": 22638469,
          "inserted": 77361531,
          "layer": 0,
          "miss_ratio": 0.7736153100000001,
          "reinserted": 22638469,
          "req": 100000000
        },
        {
          "admission_treshold": 2,
          "algorithm": "offline-clock",
          "hit": 37180844,
          "inserted": 39208459,
          "layer": 1,
          "miss_ratio": 0.5193884671181082,
          "reinserted": 6014792,
          "req": 77361531
        }
      ],
      "miss_ratio": 0.40180687000000004,
      "req": 100000000
    }
  ],
  "trace": "zipf_1_18.oracleGeneral"
}