{
  "cache_size": 99991,
  "results": [
    {
      "hit": 79124442,
      "iteration": 0,
      "metrics": [
        {
          "admission_treshold": 4,
          "algorithm": "lru",
          "hit": 40304817,
          "inserted": 59695183,
          "layer": 0,
          "miss_ratio": 0.5969518300000001,
          "reinserted": 40304817,
          "req": 100000000
        },
        {
          "admission_treshold": 4,
          "algorithm": "offline-clock",
          "hit": 38819625,
          "inserted": 17904914,
          "layer": 1,
          "miss_ratio": 0.3497025547270707,
          "reinserted": 9735207,
          "req": 59695183
        }
      ],
      "miss_ratio": 0.20875558000000005,
      "req": 100000000
    },
    {
      "hit": 79548410,
      "iteration": 1,
      "metrics": [
        {
          "admission_treshold": 4,
          "algorithm": "lru",
          "hit": 40304817,
          "inserted": 59695183,
          "layer": 0,
          "miss_ratio": 0.5969518300000001,
          "reinserted": 40304817,
          "req": 100000000
        },
        {
          "admission_treshold": 4,
          "algorithm": "offline-clock",
          "hit": 39243593,
          "inserted": 17477345,
          "layer": 1,
          "miss_ratio": 0.3426003401312967,
          "reinserted": 5512606,
          "req": 59695183
        }
      ],
      "miss_ratio": 0.20451589999999997,
      "req": 100000000
    }
  ],
  "trace": "zipf_1_18.oracleGeneral"
}