{
  "cache_size": 4999,
  "results": [
    {
      "hit": 52951810,
      "iteration": 0,
      "metrics": [
        {
          "admission_treshold": 2,
          "algorithm": "lru",
          "hit": 52951810,
          "inserted": 47048190,
          "layer": 0,
          "miss_ratio": 0.4704819,
          "reinserted": 52951810,
          "req": 100000000
        }
      ],
      "miss_ratio": 0.4704819,
      "req": 100000000
    }
  ],
  "trace": "zipf_1_15.oracleGeneral"
}