{
  "cache_size": 2539,
  "results": [
    {
      "hit": 2916954,
      "iteration": 0,
      "metrics": [
        {
          "admission_treshold": 8,
          "algorithm": "offline-clock",
          "hit": 2916954,
          "inserted": 3079224,
          "layer": 0,
          "miss_ratio": 0.5135311193230088,
          "reinserted": 625812,
          "req": 5996178
        }
      ],
      "miss_ratio": 0.5135311193230088,
      "req": 5996178
    },
    {
      "hit": 2922313,
      "iteration": 1,
      "metrics": [
        {
          "admission_treshold": 8,
          "algorithm": "offline-clock",
          "hit": 2922313,
          "inserted": 3073865,
          "layer": 0,
          "miss_ratio": 0.5126373833465251,
          "reinserted": 365284,
          "req": 5996178
        }
      ],
      "miss_ratio": 0.5126373833465251,
      "req": 5996178
    }
  ],
  "trace": "zipf_1_1.oracleGeneral"
}