{
  "cache_size": 9998,
  "results": [
    {
      "hit": 59673275,
      "iteration": 0,
      "metrics": [
        {
          "admission_treshold": 2,
          "algorithm": "lru",
          "hit": 22641618,
          "inserted": 77358382,
          "layer": 0,
          "miss_ratio": 0.77358382,
          "reinserted": 22641618,
          "req": 100000000
        },
        {
          "admission_treshold": 2,
          "algorithm": "offline-clock",
          "hit": 37031657,
          "inserted": 39358836,
          "layer": 1,
          "miss_ratio": 0.5212974206208191,
          "reinserted": 10393832,
          "req": 77358382
        }
      ],
      "miss_ratio": 0.40326724999999997,
      "req": 100000000
    },
    {
      "hit": 59819972,
      "iteration": 1,
      "metrics": [
        {
          "admission_treshold": 2,
          "algorithm": "lru",
          "hit": 22641618,
          "inserted": 77358382,
          "layer": 0,
          "miss_ratio": 0.77358382,
          "reinserted": 22641618,
          "req": 100000000
        },
        {
          "admission_treshold": 2,
          "algorithm": "offline-clock",
          "hit": 37178354,
          "inserted": 39208088,
          "layer": 1,
          "miss_ratio": 0.5194010908863115,
          "reinserted": 6015024,
          "req": 77358382
        }
      ],
      "miss_ratio": 0.40180028,
      "req": 100000000
    }
  ],
  "trace": "zipf_1_11.oracleGeneral"
}