{
  "cache_size": 99988,
  "results": [
    {
      "hit": 78614824,
      "iteration": 0,
      "metrics": [
        {
          "admission_treshold": 1,
          "algorithm": "offline-clock",
          "hit": 78614824,
          "inserted": 21385176,
          "layer": 0,
          "miss_ratio": 0.21385175999999995,
          "reinserted": 10272630,
          "req": 100000000
        }
      ],
      "miss_ratio": 0.21385175999999995,
      "req": 100000000
    },
    {
      "hit": 79010275,
      "iteration": 1,
      "metrics": [
        {
          "admission_treshold": 1,
          "algorithm": "offline-clock",
          "hit": 79010275,
          "inserted": 20989725,
          "layer": 0,
          "miss_ratio": 0.20989725000000004,
          "reinserted": 5851791,
          "req": 100000000
        }
      ],
      "miss_ratio": 0.20989725000000004,
      "req": 100000000
    }
  ],
  "trace": "zipf_1_17.oracleGeneral"
}