{
  "cache_size": 249975,
  "results": [
    {
      "hit": 86257469,
      "iteration": 0,
      "metrics": [
        {
          "admission_treshold": 4,
          "algorithm": "lru",
          "hit": 86257469,
          "inserted": 13742531,
          "layer": 0,
          "miss_ratio": 0.13742531000000002,
          "reinserted": 86257469,
          "req": 100000000
        }
      ],
      "miss_ratio": 0.13742531000000002,
      "req": 100000000
    }
  ],
  "trace": "zipf_1_10.oracleGeneral"
}