{
  "cache_size": 99990,
  "results": [
    {
      "hit": 77910014,
      "iteration": 0,
      "metrics": [
        {
          "admission_treshold": 32,
          "algorithm": "lru",
          "hit": 77910014,
          "inserted": 22089986,
          "layer": 0,
          "miss_ratio": 0.22089985999999995,
          "reinserted": 77910014,
          "req": 100000000
        }
      ],
      "miss_ratio": 0.22089985999999995,
      "req": 100000000
    }
  ],
  "trace": "zipf_1_12.oracleGeneral"
}