{
  "cache_size": 39999080,
  "results": [
    {
      "hit": 58497651,
      "iteration": 0,
      "metrics": [
        {
          "admission_treshold": 8,
          "algorithm": "lru",
          "hit": 58497651,
          "inserted": 41502349,
          "layer": 0,
          "miss_ratio": 0.41502349000000005,
          "reinserted": 58497651,
          "req": 100000000
        }
      ],
      "miss_ratio": 0.41502349000000005,
      "req": 100000000
    }
  ],
  "trace": "zipf_1_16.oracleGeneral"
}