{
  "cache_size": 1999778048,
  "results": [
    {
      "hit": 91092085,
      "iteration": 0,
      "metrics": [
        {
          "admission_treshold": 1,
          "algorithm": "fifo",
          "hit": 91092085,
          "inserted": 8907915,
          "layer": 0,
          "miss_ratio": 0.08907915,
          "reinserted": 0,
          "req": 100000000
        }
      ],
      "miss_ratio": 0.08907915,
      "req": 100000000
    }
  ],
  "trace": "zipf_1_11.oracleGeneral"
}