{
  "cache_size": 19997340,
  "results": [
    {
      "hit": 53942796,
      "iteration": 0,
      "metrics": [
        {
          "admission_treshold": 8,
          "algorithm": "offline-clock",
          "hit": 53942796,
          "inserted": 46057204,
          "layer": 0,
          "miss_ratio": 0.46057203999999996,
          "reinserted": 10440410,
          "req": 100000000
        }
      ],
      "miss_ratio": 0.46057203999999996,
      "req": 100000000
    },
    {
      "hit": 54053967,
      "iteration": 1,
      "metrics": [
        {
          "admission_treshold": 8,
          "algorithm": "offline-clock",
          "hit": 54053967,
          "inserted": 45946033,
          "layer": 0,
          "miss_ratio": 0.45946033,
          "reinserted": 6070919,
          "req": 100000000
        }
      ],
      "miss_ratio": 0.45946033,
      "req": 100000000
    }
  ],
  "trace": "zipf_1_14.oracleGeneral"
}