{
  "cache_size": 999833984,
  "results": [
    {
      "hit": 83706331,
      "iteration": 0,
      "metrics": [
        {
          "admission_treshold": 1,
          "algorithm": "fifo",
          "hit": 83706331,
          "inserted": 16293669,
          "layer": 0,
          "miss_ratio": 0.16293669,
          "reinserted": 0,
          "req": 100000000
        }
      ],
      "miss_ratio": 0.16293669,
      "req": 100000000
    }
  ],
  "trace": "zipf_1_19.oracleGeneral"
}