{
  "cache_size": 4999,
  "results": [
    {
      "hit": 52948488,
      "iteration": 0,
      "metrics": [
        {
          "admission_treshold": 2,
          "algorithm": "lru",
          "hit": 52948488,
          "inserted": 47051512,
          "layer": 0,
          "miss_ratio": 0.47051511999999995,
          "reinserted": 52948488,
          "req": 100000000
        }
      ],
      "miss_ratio": 0.47051511999999995,
      "req": 100000000
    }
  ],
  "trace": "zipf_1_10.oracleGeneral"
}