{
  "cache_size": 9999,
  "results": [
    {
      "hit": 58501636,
      "iteration": 0,
      "metrics": [
        {
          "admission_treshold": 32,
          "algorithm": "lru",
          "hit": 58501636,
          "inserted": 41498364,
          "layer": 0,
          "miss_ratio": 0.41498364,
          "reinserted": 58501636,
          "req": 100000000
        }
      ],
      "miss_ratio": 0.41498364,
      "req": 100000000
    }
  ],
  "trace": "zipf_1_6.oracleGeneral"
}