{
  "cache_size": 1999623936,
  "results": [
    {
      "hit": 92233718,
      "iteration": 0,
      "metrics": [
        {
          "admission_treshold": 4,
          "algorithm": "lru",
          "hit": 52952547,
          "inserted": 47047453,
          "layer": 0,
          "miss_ratio": 0.47047452999999995,
          "reinserted": 52952547,
          "req": 100000000
        },
        {
          "admission_treshold": 4,
          "algorithm": "offline-clock",
          "hit": 39281171,
          "inserted": 4793529,
          "layer": 1,
          "miss_ratio": 0.16507337814865342,
          "reinserted": 6919068,
          "req": 47047453
        }
      ],
      "miss_ratio": 0.07766282000000002,
      "req": 100000000
    },
    {
      "hit": 92775862,
      "iteration": 1,
      "metrics": [
        {
          "admission_treshold": 4,
          "algorithm": "lru",
          "hit": 52952547,
          "inserted": 47047453,
          "layer": 0,
          "miss_ratio": 0.47047452999999995,
          "reinserted": 52952547,
          "req": 100000000
        },
        {
          "admission_treshold": 4,
          "algorithm": "offline-clock",
          "hit": 39823315,
          "inserted": 4248799,
          "layer": 1,
          "miss_ratio": 0.1535500338349879,
          "reinserted": 3741279,
          "req": 47047453
        }
      ],
      "miss_ratio": 0.07224138000000002,
      "req": 100000000
    }
  ],
  "trace": "zipf_1_9.oracleGeneral"
}