{
  "cache_size": 39999080,
  "results": [
    {
      "hit": 60701229,
      "iteration": 0,
      "metrics": [
        {
          "admission_treshold": 8,
          "algorithm": "lru",
          "hit": 22636288,
          "inserted": 77363712,
          "layer": 0,
          "miss_ratio": 0.7736371200000001,
          "reinserted": 22636288,
          "req": 100000000
        },
        {
          "admission_treshold": 8,
          "algorithm": "offline-clock",
          "hit": 38064941,
          "inserted": 32538171,
          "layer": 1,
          "miss_ratio": 0.5079742166456542,
          "reinserted": 10248905,
          "req": 77363712
        }
      ],
      "miss_ratio": 0.39298771,
      "req": 100000000
    },
    {
      "hit": 60921716,
      "iteration": 1,
      "metrics": [
        {
          "admission_treshold": 8,
          "algorithm": "lru",
          "hit": 22636288,
          "inserted": 77363712,
          "layer": 0,
          "miss_ratio": 0.7736371200000001,
          "reinserted": 22636288,
          "req": 100000000
        },
        {
          "admission_treshold": 8,
          "algorithm": "offline-clock",
          "hit": 38285428,
          "inserted": 32313975,
          "layer": 1,
          "miss_ratio": 0.5051242112064116,
          "reinserted": 5887741,
          "req": 77363712
        }
      ],
      "miss_ratio": 0.39078283999999996,
      "req": 100000000
    }
  ],
  "trace": "zipf_1_16.oracleGeneral"
}