{
  "cache_size": 39994680,
  "results": [
    {
      "hit": 55006394,
      "iteration": 0,
      "metrics": [
        {
          "admission_treshold": 4,
          "algorithm": "fifo",
          "hit": 55006394,
          "inserted": 44993606,
          "layer": 0,
          "miss_ratio": 0.44993605999999997,
          "reinserted": 0,
          "req": 100000000
        }
      ],
      "miss_ratio": 0.44993605999999997,
      "req": 100000000
    }
  ],
  "trace": "zipf_1_14.oracleGeneral"
}