{
  "cache_size": 499917,
  "results": [
    {
      "hit": 92869489,
      "iteration": 0,
      "metrics": [
        {
          "admission_treshold": 2,
          "algorithm": "lru",
          "hit": 92869489,
          "inserted": 7130511,
          "layer": 0,
          "miss_ratio": 0.07130510999999995,
          "reinserted": 92869489,
          "req": 100000000
        }
      ],
      "miss_ratio": 0.07130510999999995,
      "req": 100000000
    }
  ],
  "trace": "zipf_1_19.oracleGeneral"
}