{
  "cache_size": 94,
  "results": [
    {
      "hit": 14067,
      "iteration": 0,
      "metrics": [
        {
          "admission_treshold": 1,
          "algorithm": "offline-clock",
          "hit": 14067,
          "inserted": 46004,
          "layer": 0,
          "miss_ratio": 0.7658271045928984,
          "reinserted": 5982,
          "req": 60071
        }
      ],
      "miss_ratio": 0.7658271045928984,
      "req": 60071
    },
    {
      "hit": 14105,
      "iteration": 1,
      "metrics": [
        {
          "admission_treshold": 1,
          "algorithm": "offline-clock",
          "hit": 14105,
          "inserted": 45966,
          "layer": 0,
          "miss_ratio": 0.7651945198182151,
          "reinserted": 3488,
          "req": 60071
        }
      ],
      "miss_ratio": 0.7651945198182151,
      "req": 60071
    }
  ],
  "trace": "zipf_1_15.oracleGeneral"
}