{
  "cache_size": 249966,
  "results": [
    {
      "hit": 86783745,
      "iteration": 0,
      "metrics": [
        {
          "admission_treshold": 4,
          "algorithm": "lru",
          "hit": 47451728,
          "inserted": 52548272,
          "layer": 0,
          "miss_ratio": 0.5254827200000001,
          "reinserted": 47451728,
          "req": 100000000
        },
        {
          "admission_treshold": 4,
          "algorithm": "offline-clock",
          "hit": 39332017,
          "inserted": 10243288,
          "layer": 1,
          "miss_ratio": 0.25150693823005255,
          "reinserted": 8723032,
          "req": 52548272
        }
      ],
      "miss_ratio": 0.13216255,
      "req": 100000000
    },
    {
      "hit": 87339226,
      "iteration": 1,
      "metrics": [
        {
          "admission_treshold": 4,
          "algorithm": "lru",
          "hit": 47451728,
          "inserted": 52548272,
          "layer": 0,
          "miss_ratio": 0.5254827200000001,
          "reinserted": 47451728,
          "req": 100000000
        },
        {
          "admission_treshold": 4,
          "algorithm": "offline-clock",
          "hit": 39887498,
          "inserted": 9684649,
          "layer": 1,
          "miss_ratio": 0.240936067317304,
          "reinserted": 4897353,
          "req": 52548272
        }
      ],
      "miss_ratio": 0.12660773999999997,
      "req": 100000000
    }
  ],
  "trace": "zipf_1_14.oracleGeneral"
}