{
  "cache_size": 39993360,
  "results": [
    {
      "hit": 61710545,
      "iteration": 0,
      "metrics": [
        {
          "admission_treshold": 16,
          "algorithm": "lru",
          "hit": 22638332,
          "inserted": 77361668,
          "layer": 0,
          "miss_ratio": 0.77361668,
          "reinserted": 22638332,
          "req": 100000000
        },
        {
          "admission_treshold": 16,
          "algorithm": "offline-clock",
          "hit": 39072213,
          "inserted": 26250544,
          "layer": 1,
          "miss_ratio": 0.49494091828526754,
          "reinserted": 10052581,
          "req": 77361668
        }
      ],
      "miss_ratio": 0.38289454999999994,
      "req": 100000000
    },
    {
      "hit": 62009940,
      "iteration": 1,
      "metrics": [
        {
          "admission_treshold": 16,
          "algorithm": "lru",
          "hit": 22638332,
          "inserted": 77361668,
          "layer": 0,
          "miss_ratio": 0.77361668,
          "reinserted": 22638332,
          "req": 100000000
        },
        {
          "admission_treshold": 16,
          "algorithm": "offline-clock",
          "hit": 39371608,
          "inserted": 25947719,
          "layer": 1,
          "miss_ratio": 0.4910708491962712,
          "reinserted": 5734567,
          "req": 77361668
        }
      ],
      "miss_ratio": 0.37990060000000003,
      "req": 100000000
    }
  ],
  "trace": "zipf_1_19.oracleGeneral"
}