{
  "cache_size": 9999,
  "results": [
    {
      "hit": 59658198,
      "iteration": 0,
      "metrics": [
        {
          "admission_treshold": 2,
          "algorithm": "lru",
          "hit": 22636288,
          "inserted": 77363712,
          "layer": 0,
          "miss_ratio": 0.7736371200000001,
          "reinserted": 22636288,
          "req": 100000000
        },
        {
          "admission_treshold": 2,
          "algorithm": "offline-clock",
          "hit": 37021910,
          "inserted": 39374307,
          "layer": 1,
          "miss_ratio": 0.5214563903035057,
          "reinserted": 10393456,
          "req": 77363712
        }
      ],
      "miss_ratio": 0.40341802000000004,
      "req": 100000000
    },
    {
      "hit": 59804382,
      "iteration": 1,
      "metrics": [
        {
          "admission_treshold": 2,
          "algorithm": "lru",
          "hit": 22636288,
          "inserted": 77363712,
          "layer": 0,
          "miss_ratio": 0.7736371200000001,
          "reinserted": 22636288,
          "req": 100000000
        },
        {
          "admission_treshold": 2,
          "algorithm": "offline-clock",
          "hit": 37168094,
          "inserted": 39223510,
          "layer": 1,
          "miss_ratio": 0.519566822233142,
          "reinserted": 6014619,
          "req": 77363712
        }
      ],
      "miss_ratio": 0.40195618,
      "req": 100000000
    }
  ],
  "trace": "zipf_1_16.oracleGeneral"
}