{
  "cache_size": 249972,
  "results": [
    {
      "hit": 86257704,
      "iteration": 0,
      "metrics": [
        {
          "admission_treshold": 2,
          "algorithm": "lru",
          "hit": 86257704,
          "inserted": 13742296,
          "layer": 0,
          "miss_ratio": 0.13742295999999998,
          "reinserted": 86257704,
          "req": 100000000
        }
      ],
      "miss_ratio": 0.13742295999999998,
      "req": 100000000
    }
  ],
  "trace": "zipf_1_11.oracleGeneral"
}