{
  "cache_size": 113,
  "results": [
    {
      "hit": 20181,
      "iteration": 0,
      "metrics": [
        {
          "admission_treshold": 32,
          "algorithm": "offline-clock",
          "hit": 20181,
          "inserted": 61734,
          "layer": 0,
          "miss_ratio": 0.7536348654092657,
          "reinserted": 8123,
          "req": 81915
        }
      ],
      "miss_ratio": 0.7536348654092657,
      "req": 81915
    },
    {
      "hit": 20202,
      "iteration": 1,
      "metrics": [
        {
          "admission_treshold": 32,
          "algorithm": "offline-clock",
          "hit": 20202,
          "inserted": 61713,
          "layer": 0,
          "miss_ratio": 0.7533785021058415,
          "reinserted": 4680,
          "req": 81915
        }
      ],
      "miss_ratio": 0.7533785021058415,
      "req": 81915
    }
  ],
  "trace": "zipf_1_15.oracleGeneral"
}