{
  "cache_size": 39996000,
  "results": [
    {
      "hit": 55018011,
      "iteration": 0,
      "metrics": [
        {
          "admission_treshold": 8,
          "algorithm": "fifo",
          "hit": 55018011,
          "inserted": 44981989,
          "layer": 0,
          "miss_ratio": 0.44981989,
          "reinserted": 0,
          "req": 100000000
        }
      ],
      "miss_ratio": 0.44981989,
      "req": 100000000
    }
  ],
  "trace": "zipf_1_12.oracleGeneral"
}