{
  "cache_size": 19999540,
  "results": [
    {
      "hit": 54121871,
      "iteration": 0,
      "metrics": [
        {
          "admission_treshold": 2,
          "algorithm": "lru",
          "hit": 17359950,
          "inserted": 82640050,
          "layer": 0,
          "miss_ratio": 0.8264005,
          "reinserted": 17359950,
          "req": 100000000
        },
        {
          "admission_treshold": 2,
          "algorithm": "offline-clock",
          "hit": 36761921,
          "inserted": 44910062,
          "layer": 1,
          "miss_ratio": 0.5551561137729224,
          "reinserted": 10409112,
          "req": 82640050
        }
      ],
      "miss_ratio": 0.45878129,
      "req": 100000000
    },
    {
      "hit": 54231307,
      "iteration": 1,
      "metrics": [
        {
          "admission_treshold": 2,
          "algorithm": "lru",
          "hit": 17359950,
          "inserted": 82640050,
          "layer": 0,
          "miss_ratio": 0.8264005,
          "reinserted": 17359950,
          "req": 100000000
        },
        {
          "admission_treshold": 2,
          "algorithm": "offline-clock",
          "hit": 36871357,
          "inserted": 44796114,
          "layer": 1,
          "miss_ratio": 0.5538318648161515,
          "reinserted": 6049504,
          "req": 82640050
        }
      ],
      "miss_ratio": 0.45768693000000005,
      "req": 100000000
    }
  ],
  "trace": "zipf_1_16.oracleGeneral"
}