{
  "cache_size": 39075,
  "results": [
    {
      "hit": 188012,
      "iteration": 0,
      "metrics": [
        {
          "admission_treshold": 0,
          "algorithm": "offline-clock",
          "hit": 188012,
          "inserted": 90499,
          "layer": 0,
          "miss_ratio": 0.324938691829048,
          "reinserted": 18845,
          "req": 278511
        }
      ],
      "miss_ratio": 0.324938691829048,
      "req": 278511
    },
    {
      "hit": 188406,
      "iteration": 1,
      "metrics": [
        {
          "admission_treshold": 0,
          "algorithm": "offline-clock",
          "hit": 188406,
          "inserted": 90105,
          "layer": 0,
          "miss_ratio": 0.3235240259810205,
          "reinserted": 15732,
          "req": 278511
        }
      ],
      "miss_ratio": 0.3235240259810205,
      "req": 278511
    }
  ],
  "trace": "zipf_1_1.oracleGeneral"
}