{
  "cache_size": 249975,
  "results": [
    {
      "hit": 86788256,
      "iteration": 0,
      "metrics": [
        {
          "admission_treshold": 4,
          "algorithm": "lru",
          "hit": 47460361,
          "inserted": 52539639,
          "layer": 0,
          "miss_ratio": 0.52539639,
          "reinserted": 47460361,
          "req": 100000000
        },
        {
          "admission_treshold": 4,
          "algorithm": "offline-clock",
          "hit": 39327895,
          "inserted": 10238781,
          "layer": 1,
          "miss_ratio": 0.2514624053659752,
          "reinserted": 8722333,
          "req": 52539639
        }
      ],
      "miss_ratio": 0.13211744000000003,
      "req": 100000000
    },
    {
      "hit": 87343046,
      "iteration": 1,
      "metrics": [
        {
          "admission_treshold": 4,
          "algorithm": "lru",
          "hit": 47460361,
          "inserted": 52539639,
          "layer": 0,
          "miss_ratio": 0.52539639,
          "reinserted": 47460361,
          "req": 100000000
        },
        {
          "admission_treshold": 4,
          "algorithm": "offline-clock",
          "hit": 39882685,
          "inserted": 9680888,
          "layer": 1,
          "miss_ratio": 0.24090294948543522,
          "reinserted": 4896797,
          "req": 52539639
        }
      ],
      "miss_ratio": 0.12656953999999998,
      "req": 100000000
    }
  ],
  "trace": "zipf_1_12.oracleGeneral"
}