{
  "cache_size": 4999,
  "results": [
    {
      "hit": 53951728,
      "iteration": 0,
      "metrics": [
        {
          "admission_treshold": 16,
          "algorithm": "offline-clock",
          "hit": 53951728,
          "inserted": 46048272,
          "layer": 0,
          "miss_ratio": 0.46048272,
          "reinserted": 10444544,
          "req": 100000000
        }
      ],
      "miss_ratio": 0.46048272,
      "req": 100000000
    },
    {
      "hit": 54063697,
      "iteration": 1,
      "metrics": [
        {
          "admission_treshold": 16,
          "algorithm": "offline-clock",
          "hit": 54063697,
          "inserted": 45936303,
          "layer": 0,
          "miss_ratio": 0.45936303,
          "reinserted": 6071504,
          "req": 100000000
        }
      ],
      "miss_ratio": 0.45936303,
      "req": 100000000
    }
  ],
  "trace": "zipf_1_12.oracleGeneral"
}