{
  "cache_size": 999900032,
  "results": [
    {
      "hit": 86258533,
      "iteration": 0,
      "metrics": [
        {
          "admission_treshold": 1,
          "algorithm": "lru",
          "hit": 86258533,
          "inserted": 13741467,
          "layer": 0,
          "miss_ratio": 0.13741466999999996,
          "reinserted": 86258533,
          "req": 100000000
        }
      ],
      "miss_ratio": 0.13741466999999996,
      "req": 100000000
    }
  ],
  "trace": "zipf_1_12.oracleGeneral"
}