{
  "cache_size": 9998,
  "results": [
    {
      "hit": 59475808,
      "iteration": 0,
      "metrics": [
        {
          "admission_treshold": 4,
          "algorithm": "offline-clock",
          "hit": 59475808,
          "inserted": 40524192,
          "layer": 0,
          "miss_ratio": 0.40524192000000003,
          "reinserted": 10439561,
          "req": 100000000
        }
      ],
      "miss_ratio": 0.40524192000000003,
      "req": 100000000
    },
    {
      "hit": 59622279,
      "iteration": 1,
      "metrics": [
        {
          "admission_treshold": 4,
          "algorithm": "offline-clock",
          "hit": 59622279,
          "inserted": 40377721,
          "layer": 0,
          "miss_ratio": 0.40377721,
          "reinserted": 6046350,
          "req": 100000000
        }
      ],
      "miss_ratio": 0.40377721,
      "req": 100000000
    }
  ],
  "trace": "zipf_1_17.oracleGeneral"
}