{
  "cache_size": 39998640,
  "results": [
    {
      "hit": 55007333,
      "iteration": 0,
      "metrics": [
        {
          "admission_treshold": 16,
          "algorithm": "fifo",
          "hit": 55007333,
          "inserted": 44992667,
          "layer": 0,
          "miss_ratio": 0.44992667,
          "reinserted": 0,
          "req": 100000000
        }
      ],
      "miss_ratio": 0.44992667,
      "req": 100000000
    }
  ],
  "trace": "zipf_1_6.oracleGeneral"
}