{
  "cache_size": 4999,
  "results": [
    {
      "hit": 52947084,
      "iteration": 0,
      "metrics": [
        {
          "admission_treshold": 32,
          "algorithm": "lru",
          "hit": 52947084,
          "inserted": 47052916,
          "layer": 0,
          "miss_ratio": 0.47052916,
          "reinserted": 52947084,
          "req": 100000000
        }
      ],
      "miss_ratio": 0.47052916,
      "req": 100000000
    }
  ],
  "trace": "zipf_1_12.oracleGeneral"
}