{
  "cache_size": 4999,
  "results": [
    {
      "hit": 53941691,
      "iteration": 0,
      "metrics": [
        {
          "admission_treshold": 16,
          "algorithm": "offline-clock",
          "hit": 53941691,
          "inserted": 46058309,
          "layer": 0,
          "miss_ratio": 0.46058309,
          "reinserted": 10440479,
          "req": 100000000
        }
      ],
      "miss_ratio": 0.46058309,
      "req": 100000000
    },
    {
      "hit": 54054348,
      "iteration": 1,
      "metrics": [
        {
          "admission_treshold": 16,
          "algorithm": "offline-clock",
          "hit": 54054348,
          "inserted": 45945652,
          "layer": 0,
          "miss_ratio": 0.45945652000000003,
          "reinserted": 6070578,
          "req": 100000000
        }
      ],
      "miss_ratio": 0.45945652000000003,
      "req": 100000000
    }
  ],
  "trace": "zipf_1_16.oracleGeneral"
}