{
  "cache_size": 4999,
  "results": [
    {
      "hit": 53955671,
      "iteration": 0,
      "metrics": [
        {
          "admission_treshold": 32,
          "algorithm": "offline-clock",
          "hit": 53955671,
          "inserted": 46044329,
          "layer": 0,
          "miss_ratio": 0.46044328999999995,
          "reinserted": 10442339,
          "req": 100000000
        }
      ],
      "miss_ratio": 0.46044328999999995,
      "req": 100000000
    },
    {
      "hit": 54067531,
      "iteration": 1,
      "metrics": [
        {
          "admission_treshold": 32,
          "algorithm": "offline-clock",
          "hit": 54067531,
          "inserted": 45932469,
          "layer": 0,
          "miss_ratio": 0.45932469,
          "reinserted": 6073286,
          "req": 100000000
        }
      ],
      "miss_ratio": 0.45932469,
      "req": 100000000
    }
  ],
  "trace": "zipf_1_11.oracleGeneral"
}