{
  "cache_size": 1999667968,
  "results": [
    {
      "hit": 91088842,
      "iteration": 0,
      "metrics": [
        {
          "admission_treshold": 8,
          "algorithm": "fifo",
          "hit": 91088842,
          "inserted": 8911158,
          "layer": 0,
          "miss_ratio": 0.08911157999999997,
          "reinserted": 0,
          "req": 100000000
        }
      ],
      "miss_ratio": 0.08911157999999997,
      "req": 100000000
    }
  ],
  "trace": "zipf_1_19.oracleGeneral"
}