{
  "cache_size": 4999,
  "results": [
    {
      "hit": 54458757,
      "iteration": 0,
      "metrics": [
        {
          "admission_treshold": 4,
          "algorithm": "lru",
          "hit": 17373685,
          "inserted": 82626315,
          "layer": 0,
          "miss_ratio": 0.82626315,
          "reinserted": 17373685,
          "req": 100000000
        },
        {
          "admission_treshold": 4,
          "algorithm": "offline-clock",
          "hit": 37085072,
          "inserted": 42577283,
          "layer": 1,
          "miss_ratio": 0.5511711734935777,
          "reinserted": 10385719,
          "req": 82626315
        }
      ],
      "miss_ratio": 0.45541243,
      "req": 100000000
    },
    {
      "hit": 54588040,
      "iteration": 1,
      "metrics": [
        {
          "admission_treshold": 4,
          "algorithm": "lru",
          "hit": 17373685,
          "inserted": 82626315,
          "layer": 0,
          "miss_ratio": 0.82626315,
          "reinserted": 17373685,
          "req": 100000000
        },
        {
          "admission_treshold": 4,
          "algorithm": "offline-clock",
          "hit": 37214355,
          "inserted": 42443365,
          "layer": 1,
          "miss_ratio": 0.5496065024804748,
          "reinserted": 6024268,
          "req": 82626315
        }
      ],
      "miss_ratio": 0.45411959999999996,
      "req": 100000000
    }
  ],
  "trace": "zipf_1_15.oracleGeneral"
}