{
  "cache_size": 19999320,
  "results": [
    {
      "hit": 52935945,
      "iteration": 0,
      "metrics": [
        {
          "admission_treshold": 0,
          "algorithm": "lru",
          "hit": 52935945,
          "inserted": 47064055,
          "layer": 0,
          "miss_ratio": 0.47064055000000005,
          "reinserted": 52935945,
          "req": 100000000
        }
      ],
      "miss_ratio": 0.47064055000000005,
      "req": 100000000
    }
  ],
  "trace": "zipf_1_6.oracleGeneral"
}