{
  "cache_size": 1999734016,
  "results": [
    {
      "hit": 93084547,
      "iteration": 0,
      "metrics": [
        {
          "admission_treshold": 4,
          "algorithm": "offline-clock",
          "hit": 93084547,
          "inserted": 6915453,
          "layer": 0,
          "miss_ratio": 0.06915453000000005,
          "reinserted": 8735328,
          "req": 100000000
        }
      ],
      "miss_ratio": 0.06915453000000005,
      "req": 100000000
    },
    {
      "hit": 93803131,
      "iteration": 1,
      "metrics": [
        {
          "admission_treshold": 4,
          "algorithm": "offline-clock",
          "hit": 93803131,
          "inserted": 6196869,
          "layer": 0,
          "miss_ratio": 0.06196869000000005,
          "reinserted": 4913287,
          "req": 100000000
        }
      ],
      "miss_ratio": 0.06196869000000005,
      "req": 100000000
    }
  ],
  "trace": "zipf_1_14.oracleGeneral"
}