{
  "cache_size": 999889024,
  "results": [
    {
      "hit": 86049647,
      "iteration": 0,
      "metrics": [
        {
          "admission_treshold": 16,
          "algorithm": "lru",
          "hit": 47462370,
          "inserted": 52537630,
          "layer": 0,
          "miss_ratio": 0.5253763,
          "reinserted": 47462370,
          "req": 100000000
        },
        {
          "admission_treshold": 16,
          "algorithm": "offline-clock",
          "hit": 38587277,
          "inserted": 1928011,
          "layer": 1,
          "miss_ratio": 0.2655306872426487,
          "reinserted": 3742879,
          "req": 52537630
        }
      ],
      "miss_ratio": 0.13950353000000004,
      "req": 100000000
    },
    {
      "hit": 86324605,
      "iteration": 1,
      "metrics": [
        {
          "admission_treshold": 16,
          "algorithm": "lru",
          "hit": 47462370,
          "inserted": 52537630,
          "layer": 0,
          "miss_ratio": 0.5253763,
          "reinserted": 47462370,
          "req": 100000000
        },
        {
          "admission_treshold": 16,
          "algorithm": "offline-clock",
          "hit": 38862235,
          "inserted": 1651848,
          "layer": 1,
          "miss_ratio": 0.26029714320954334,
          "reinserted": 1891696,
          "req": 52537630
        }
      ],
      "miss_ratio": 0.13675395,
      "req": 100000000
    }
  ],
  "trace": "zipf_1_11.oracleGeneral"
}