{
  "cache_size": 9999,
  "results": [
    {
      "hit": 60708130,
      "iteration": 0,
      "metrics": [
        {
          "admission_treshold": 8,
          "algorithm": "lru",
          "hit": 22636325,
          "inserted": 77363675,
          "layer": 0,
          "miss_ratio": 0.77363675,
          "reinserted": 22636325,
          "req": 100000000
        },
        {
          "admission_treshold": 8,
          "algorithm": "offline-clock",
          "hit": 38071805,
          "inserted": 32529907,
          "layer": 1,
          "miss_ratio": 0.5078852575191135,
          "reinserted": 10252261,
          "req": 77363675
        }
      ],
      "miss_ratio": 0.39291869999999995,
      "req": 100000000
    },
    {
      "hit": 60929647,
      "iteration": 1,
      "metrics": [
        {
          "admission_treshold": 8,
          "algorithm": "lru",
          "hit": 22636325,
          "inserted": 77363675,
          "layer": 0,
          "miss_ratio": 0.77363675,
          "reinserted": 22636325,
          "req": 100000000
        },
        {
          "admission_treshold": 8,
          "algorithm": "offline-clock",
          "hit": 38293322,
          "inserted": 32304670,
          "layer": 1,
          "miss_ratio": 0.5050219369749434,
          "reinserted": 5890251,
          "req": 77363675
        }
      ],
      "miss_ratio": 0.39070353,
      "req": 100000000
    }
  ],
  "trace": "zipf_1_7.oracleGeneral"
}