{
  "cache_size": 399955616,
  "results": [
    {
      "hit": 74869375,
      "iteration": 0,
      "metrics": [
        {
          "admission_treshold": 16,
          "algorithm": "fifo",
          "hit": 74869375,
          "inserted": 25130625,
          "layer": 0,
          "miss_ratio": 0.25130624999999995,
          "reinserted": 0,
          "req": 100000000
        }
      ],
      "miss_ratio": 0.25130624999999995,
      "req": 100000000
    }
  ],
  "trace": "zipf_1_17.oracleGeneral"
}