{
  "cache_size": 499972,
  "results": [
    {
      "hit": 93086867,
      "iteration": 0,
      "metrics": [
        {
          "admission_treshold": 0,
          "algorithm": "offline-clock",
          "hit": 93086867,
          "inserted": 6913133,
          "layer": 0,
          "miss_ratio": 0.06913133000000005,
          "reinserted": 8736096,
          "req": 100000000
        }
      ],
      "miss_ratio": 0.06913133000000005,
      "req": 100000000
    },
    {
      "hit": 93804043,
      "iteration": 1,
      "metrics": [
        {
          "admission_treshold": 0,
          "algorithm": "offline-clock",
          "hit": 93804043,
          "inserted": 6195957,
          "layer": 0,
          "miss_ratio": 0.061959569999999964,
          "reinserted": 4911981,
          "req": 100000000
        }
      ],
      "miss_ratio": 0.061959569999999964,
      "req": 100000000
    }
  ],
  "trace": "zipf_1_8.oracleGeneral"
}